
======================================================================
  Session: 2026-03-10 20:59:01
  Account: levanlinh.kma@gmail.com
======================================================================

20:59:01 [DEBUG] [ENGINE] Sync levanlinh.kma@gmail.com: timeout (browser not ready yet)
20:59:16 [INFO ] [ENGINE] [AutoLaunch] 🔇 Starting hidden browser 1/2: levanlinh.kma@gmail.com...
20:59:31 [INFO ] [ENGINE] [AutoLaunch] ✅ levanlinh.kma@gmail.com browser hidden
20:59:31 [INFO ] [WS    ] [ExtensionBridge] 📧 Extension registered: levanlinh.kma@gmail.com (v2.3.0)
20:59:31 [INFO ] [WS    ] [ExtensionBridge] Extension connected for levanlinh.kma@gmail.com
20:59:31 [INFO ] [RECAP ] [ProactiveWarmup] levanlinh.kma@gmail.com: waiting 10s for reCAPTCHA widget...
20:59:31 [DEBUG] [RECAP ] [ExtensionBridge] 🔥 reCAPTCHA warm for levanlinh.kma@gmail.com
20:59:31 [INFO ] [WS    ] [ExtensionBridge] 🔑 Unsolicited access token for levanlinh.kma@gmail.com
20:59:31 [INFO ] [WS    ] [ExtensionBridge] Headers updated for levanlinh.kma@gmail.com: []
20:59:31 [INFO ] [WS    ] [ExtensionBridge] ✅ Startup headers refreshed for levanlinh.kma@gmail.com
20:59:32 [INFO ] [WS    ] [ExtensionBridge] ✅ x-browser-validation captured for levanlinh.kma@gmail.com
20:59:32 [INFO ] [WS    ] [ExtensionBridge] ✅ x-browser-validation captured for levanlinh.kma@gmail.com
20:59:32 [INFO ] [WS    ] [ExtensionBridge] ✅ Startup access token set for levanlinh.kma@gmail.com
20:59:32 [INFO ] [ENGINE] [levanlinh.kma@gmail.com] 🔗 Attaching to debug browser (page access only)
20:59:34 [DEBUG] [WS    ] [ExtensionBridge] Headers update for levanlinh.kma@gmail.com: ['x-browser-channel', 'x-browser-year', 'x-browser-validation', 'x-browser-copyright', 'x-client-data']
20:59:34 [DEBUG] [RECAP ] [ExtensionBridge] Bearer token stored for levanlinh.kma@gmail.com (424 chars)
20:59:34 [INFO ] [WS    ] [ExtensionBridge] Headers updated for levanlinh.kma@gmail.com: ['x-browser-channel', 'x-browser-year', 'x-browser-validation', 'x-browser-copyright', 'x-client-data']
20:59:37 [INFO ] [ENGINE] [AppController] Extension v2.3.0 connected via bridge for levanlinh.kma@gmail.com — up-to-date
20:59:39 [INFO ] [ENGINE] [AppController] Extension batch check results: {'levanlinh.kma@gmail.com': '✅ bridge connected', 'veofidelia169@tunxelamorintesa.sbs': '✅ bridge connected'}
20:59:39 [INFO ] [ENGINE] [AutoLaunch] Extension check complete: {'levanlinh.kma@gmail.com': '✅ bridge connected', 'veofidelia169@tunxelamorintesa.sbs': '✅ bridge connected'}
20:59:39 [DEBUG] [WS    ] [ProactiveWarmup] levanlinh.kma@gmail.com: already in progress, skipping duplicate
20:59:41 [DEBUG] [WS    ] [ExtensionBridge] Headers update for levanlinh.kma@gmail.com: ['x-browser-channel', 'x-browser-year', 'x-browser-validation', 'x-browser-copyright', 'x-client-data']
20:59:41 [DEBUG] [RECAP ] [ExtensionBridge] Bearer token stored for levanlinh.kma@gmail.com (424 chars)
20:59:41 [INFO ] [WS    ] [ExtensionBridge] Headers updated for levanlinh.kma@gmail.com: ['x-browser-channel', 'x-browser-year', 'x-browser-validation', 'x-browser-copyright', 'x-client-data']
21:00:01 [WARNING] [RECAP ] [ExtensionBridge] check_recaptcha_ready TIMEOUT (20.0s) for levanlinh.kma@gmail.com — extension did not respond (tab may be frozen/suspended)
21:00:01 [WARNING] [RECAP ] [ExtBridge] ⏱️ SLOW response: check_recaptcha_ready for levanlinh.kma@gmail.com took 20.0s (requestId=57613cce)
21:00:01 [WARNING] [RECAP ] [ProactiveWarmup] levanlinh.kma@gmail.com: ⚠️ reCAPTCHA not ready yet — will retry on next readiness check
21:00:06 [DEBUG] [WS    ] [ExtensionBridge] Headers update for levanlinh.kma@gmail.com: ['x-browser-channel', 'x-browser-year', 'x-browser-validation', 'x-browser-copyright', 'x-client-data']
21:00:06 [DEBUG] [RECAP ] [ExtensionBridge] Bearer token stored for levanlinh.kma@gmail.com (424 chars)
21:00:06 [INFO ] [WS    ] [ExtensionBridge] Headers updated for levanlinh.kma@gmail.com: ['x-browser-channel', 'x-browser-year', 'x-browser-validation', 'x-browser-copyright', 'x-client-data']
21:00:08 [DEBUG] [WS    ] [ExtensionBridge] Headers update for levanlinh.kma@gmail.com: ['x-browser-channel', 'x-browser-year', 'x-browser-validation', 'x-browser-copyright', 'x-client-data']
21:00:08 [DEBUG] [RECAP ] [ExtensionBridge] Bearer token stored for levanlinh.kma@gmail.com (424 chars)
21:00:08 [INFO ] [WS    ] [ExtensionBridge] Headers updated for levanlinh.kma@gmail.com: ['x-browser-channel', 'x-browser-year', 'x-browser-validation', 'x-browser-copyright', 'x-client-data']
21:00:17 [WARNING] [WS    ] [ExtensionBridge] 🥶 Tab frozen for levanlinh.kma@gmail.com (no heartbeat for 54s) — recovery attempt 1/3
21:00:17 [INFO ] [WS    ] [ExtensionBridge] 🔄 Refresh [lightweight] for levanlinh.kma@gmail.com — frozen tab recovery 1/3
21:00:17 [DEBUG] [WS    ] [ExtensionBridge] 🔄 Lightweight header refresh OK for levanlinh.kma@gmail.com
21:00:21 [DEBUG] [WS    ] [ExtensionBridge] Headers update for levanlinh.kma@gmail.com: ['x-browser-channel', 'x-browser-year', 'x-browser-validation', 'x-browser-copyright', 'x-client-data']
21:00:21 [DEBUG] [RECAP ] [ExtensionBridge] Bearer token stored for levanlinh.kma@gmail.com (424 chars)
21:00:21 [INFO ] [WS    ] [ExtensionBridge] Headers updated for levanlinh.kma@gmail.com: ['x-browser-channel', 'x-browser-year', 'x-browser-validation', 'x-browser-copyright', 'x-client-data']
21:00:31 [WARNING] [RECAP ] [ExtensionBridge] check_recaptcha_ready TIMEOUT (20.0s) for levanlinh.kma@gmail.com — extension did not respond (tab may be frozen/suspended)
21:00:31 [WARNING] [RECAP ] [ExtBridge] ⏱️ SLOW response: check_recaptcha_ready for levanlinh.kma@gmail.com took 20.0s (requestId=f2d1e822)
21:00:31 [WARNING] [RECAP ] [ProactiveWarmup] levanlinh.kma@gmail.com: ❌ reCAPTCHA still not ready after retry
21:00:36 [DEBUG] [WS    ] [ExtensionBridge] Headers update for levanlinh.kma@gmail.com: ['x-browser-channel', 'x-browser-year', 'x-browser-validation', 'x-browser-copyright', 'x-client-data']
21:00:36 [DEBUG] [RECAP ] [ExtensionBridge] Bearer token stored for levanlinh.kma@gmail.com (424 chars)
21:00:36 [INFO ] [WS    ] [ExtensionBridge] Headers updated for levanlinh.kma@gmail.com: ['x-browser-channel', 'x-browser-year', 'x-browser-validation', 'x-browser-copyright', 'x-client-data']
21:00:37 [DEBUG] [WS    ] [ExtensionBridge] 🥶 Tab frozen for levanlinh.kma@gmail.com suppressed — refresh already in-progress (20s ago)
21:00:38 [DEBUG] [WS    ] [ExtensionBridge] Headers update for levanlinh.kma@gmail.com: ['x-browser-channel', 'x-browser-year', 'x-browser-validation', 'x-browser-copyright', 'x-client-data']
21:00:38 [DEBUG] [RECAP ] [ExtensionBridge] Bearer token stored for levanlinh.kma@gmail.com (424 chars)
21:00:38 [INFO ] [WS    ] [ExtensionBridge] Headers updated for levanlinh.kma@gmail.com: ['x-browser-channel', 'x-browser-year', 'x-browser-validation', 'x-browser-copyright', 'x-client-data']
21:01:02 [DEBUG] [RECAP ] [ExtensionBridge] 🔥 reCAPTCHA warm for levanlinh.kma@gmail.com
21:01:42 [DEBUG] [WS    ] [TabKeepalive] levanlinh.kma@gmail.com: API heartbeat skipped (no browser page)
21:01:52 [DEBUG] [RECAP ] [ExtensionBridge] 🔥 reCAPTCHA warm for levanlinh.kma@gmail.com
21:02:21 [DEBUG] [WS    ] [ExtensionBridge] Headers update for levanlinh.kma@gmail.com: ['x-browser-channel', 'x-browser-year', 'x-browser-validation', 'x-browser-copyright', 'x-client-data']
21:02:21 [DEBUG] [RECAP ] [ExtensionBridge] Bearer token stored for levanlinh.kma@gmail.com (424 chars)
21:02:21 [INFO ] [WS    ] [ExtensionBridge] Headers updated for levanlinh.kma@gmail.com: ['x-browser-channel', 'x-browser-year', 'x-browser-validation', 'x-browser-copyright', 'x-client-data']
21:02:52 [DEBUG] [RECAP ] [ExtensionBridge] 🔥 reCAPTCHA warm for levanlinh.kma@gmail.com
21:03:52 [DEBUG] [RECAP ] [ExtensionBridge] 🔥 reCAPTCHA warm for levanlinh.kma@gmail.com
21:04:08 [INFO ] [WS    ] [TabKeepalive] levanlinh.kma@gmail.com: API heartbeat OK (auth=200, ack=200, credits=401)
21:04:11 [DEBUG] [WS    ] [ExtensionBridge] Headers update for levanlinh.kma@gmail.com: ['x-browser-channel', 'x-browser-year', 'x-browser-validation', 'x-browser-copyright', 'x-client-data']
21:04:11 [DEBUG] [RECAP ] [ExtensionBridge] Bearer token stored for levanlinh.kma@gmail.com (424 chars)
21:04:11 [INFO ] [WS    ] [ExtensionBridge] Headers updated for levanlinh.kma@gmail.com: ['x-browser-channel', 'x-browser-year', 'x-browser-validation', 'x-browser-copyright', 'x-client-data']
21:04:52 [DEBUG] [RECAP ] [ExtensionBridge] 🔥 reCAPTCHA warm for levanlinh.kma@gmail.com
21:05:21 [DEBUG] [WS    ] [ExtensionBridge] Headers update for levanlinh.kma@gmail.com: ['x-browser-channel', 'x-browser-year', 'x-browser-validation', 'x-browser-copyright', 'x-client-data']
21:05:21 [DEBUG] [RECAP ] [ExtensionBridge] Bearer token stored for levanlinh.kma@gmail.com (424 chars)
21:05:21 [INFO ] [WS    ] [ExtensionBridge] Headers updated for levanlinh.kma@gmail.com: ['x-browser-channel', 'x-browser-year', 'x-browser-validation', 'x-browser-copyright', 'x-client-data']
21:05:52 [DEBUG] [RECAP ] [ExtensionBridge] 🔥 reCAPTCHA warm for levanlinh.kma@gmail.com
21:06:52 [DEBUG] [RECAP ] [ExtensionBridge] 🔥 reCAPTCHA warm for levanlinh.kma@gmail.com
21:07:00 [INFO ] [WS    ] [TabKeepalive] levanlinh.kma@gmail.com: API heartbeat OK (auth=200, ack=200, credits=401)
21:07:04 [DEBUG] [WS    ] [ExtensionBridge] Headers update for levanlinh.kma@gmail.com: ['x-browser-channel', 'x-browser-year', 'x-browser-validation', 'x-browser-copyright', 'x-client-data']
21:07:04 [DEBUG] [RECAP ] [ExtensionBridge] Bearer token stored for levanlinh.kma@gmail.com (424 chars)
21:07:04 [INFO ] [WS    ] [ExtensionBridge] Headers updated for levanlinh.kma@gmail.com: ['x-browser-channel', 'x-browser-year', 'x-browser-validation', 'x-browser-copyright', 'x-client-data']
21:07:52 [DEBUG] [RECAP ] [ExtensionBridge] 🔥 reCAPTCHA warm for levanlinh.kma@gmail.com
21:08:21 [DEBUG] [WS    ] [ExtensionBridge] Headers update for levanlinh.kma@gmail.com: ['x-browser-channel', 'x-browser-year', 'x-browser-validation', 'x-browser-copyright', 'x-client-data']
21:08:21 [DEBUG] [RECAP ] [ExtensionBridge] Bearer token stored for levanlinh.kma@gmail.com (424 chars)
21:08:21 [INFO ] [WS    ] [ExtensionBridge] Headers updated for levanlinh.kma@gmail.com: ['x-browser-channel', 'x-browser-year', 'x-browser-validation', 'x-browser-copyright', 'x-client-data']
21:08:52 [DEBUG] [RECAP ] [ExtensionBridge] 🔥 reCAPTCHA warm for levanlinh.kma@gmail.com
21:09:38 [INFO ] [WS    ] [TabKeepalive] levanlinh.kma@gmail.com: API heartbeat OK (auth=200, ack=200, credits=401)
21:09:41 [DEBUG] [WS    ] [ExtensionBridge] Headers update for levanlinh.kma@gmail.com: ['x-browser-channel', 'x-browser-year', 'x-browser-validation', 'x-browser-copyright', 'x-client-data']
21:09:41 [DEBUG] [RECAP ] [ExtensionBridge] Bearer token stored for levanlinh.kma@gmail.com (424 chars)
21:09:41 [INFO ] [WS    ] [ExtensionBridge] Headers updated for levanlinh.kma@gmail.com: ['x-browser-channel', 'x-browser-year', 'x-browser-validation', 'x-browser-copyright', 'x-client-data']
21:09:52 [DEBUG] [RECAP ] [ExtensionBridge] 🔥 reCAPTCHA warm for levanlinh.kma@gmail.com
21:10:52 [DEBUG] [RECAP ] [ExtensionBridge] 🔥 reCAPTCHA warm for levanlinh.kma@gmail.com
21:11:21 [DEBUG] [WS    ] [ExtensionBridge] Headers update for levanlinh.kma@gmail.com: ['x-browser-channel', 'x-browser-year', 'x-browser-validation', 'x-browser-copyright', 'x-client-data']
21:11:21 [DEBUG] [RECAP ] [ExtensionBridge] Bearer token stored for levanlinh.kma@gmail.com (424 chars)
21:11:21 [INFO ] [WS    ] [ExtensionBridge] Headers updated for levanlinh.kma@gmail.com: ['x-browser-channel', 'x-browser-year', 'x-browser-validation', 'x-browser-copyright', 'x-client-data']
21:11:52 [DEBUG] [RECAP ] [ExtensionBridge] 🔥 reCAPTCHA warm for levanlinh.kma@gmail.com
21:12:12 [INFO ] [WS    ] [TabKeepalive] levanlinh.kma@gmail.com: API heartbeat OK (auth=200, ack=200, credits=401)
21:12:16 [DEBUG] [WS    ] [ExtensionBridge] Headers update for levanlinh.kma@gmail.com: ['x-browser-channel', 'x-browser-year', 'x-browser-validation', 'x-browser-copyright', 'x-client-data']
21:12:16 [DEBUG] [RECAP ] [ExtensionBridge] Bearer token stored for levanlinh.kma@gmail.com (424 chars)
21:12:16 [INFO ] [WS    ] [ExtensionBridge] Headers updated for levanlinh.kma@gmail.com: ['x-browser-channel', 'x-browser-year', 'x-browser-validation', 'x-browser-copyright', 'x-client-data']
21:12:52 [DEBUG] [RECAP ] [ExtensionBridge] 🔥 reCAPTCHA warm for levanlinh.kma@gmail.com
21:13:52 [DEBUG] [RECAP ] [ExtensionBridge] 🔥 reCAPTCHA warm for levanlinh.kma@gmail.com
21:14:21 [DEBUG] [WS    ] [ExtensionBridge] Headers update for levanlinh.kma@gmail.com: ['x-browser-channel', 'x-browser-year', 'x-browser-validation', 'x-browser-copyright', 'x-client-data']
21:14:21 [DEBUG] [RECAP ] [ExtensionBridge] Bearer token stored for levanlinh.kma@gmail.com (424 chars)
21:14:21 [INFO ] [WS    ] [ExtensionBridge] Headers updated for levanlinh.kma@gmail.com: ['x-browser-channel', 'x-browser-year', 'x-browser-validation', 'x-browser-copyright', 'x-client-data']
21:14:42 [INFO ] [WS    ] [TabKeepalive] levanlinh.kma@gmail.com: API heartbeat OK (auth=200, ack=200, credits=401)
21:14:46 [DEBUG] [WS    ] [ExtensionBridge] Headers update for levanlinh.kma@gmail.com: ['x-browser-channel', 'x-browser-year', 'x-browser-validation', 'x-browser-copyright', 'x-client-data']
21:14:46 [DEBUG] [RECAP ] [ExtensionBridge] Bearer token stored for levanlinh.kma@gmail.com (424 chars)
21:14:46 [INFO ] [WS    ] [ExtensionBridge] Headers updated for levanlinh.kma@gmail.com: ['x-browser-channel', 'x-browser-year', 'x-browser-validation', 'x-browser-copyright', 'x-client-data']
21:14:52 [DEBUG] [RECAP ] [ExtensionBridge] 🔥 reCAPTCHA warm for levanlinh.kma@gmail.com
21:15:52 [DEBUG] [RECAP ] [ExtensionBridge] 🔥 reCAPTCHA warm for levanlinh.kma@gmail.com
21:16:52 [DEBUG] [RECAP ] [ExtensionBridge] 🔥 reCAPTCHA warm for levanlinh.kma@gmail.com
21:17:15 [INFO ] [WS    ] [TabKeepalive] levanlinh.kma@gmail.com: API heartbeat OK (auth=200, ack=200, credits=401)
21:17:21 [DEBUG] [WS    ] [ExtensionBridge] Headers update for levanlinh.kma@gmail.com: ['x-browser-channel', 'x-browser-year', 'x-browser-validation', 'x-browser-copyright', 'x-client-data']
21:17:21 [DEBUG] [RECAP ] [ExtensionBridge] Bearer token stored for levanlinh.kma@gmail.com (424 chars)
21:17:21 [INFO ] [WS    ] [ExtensionBridge] Headers updated for levanlinh.kma@gmail.com: ['x-browser-channel', 'x-browser-year', 'x-browser-validation', 'x-browser-copyright', 'x-client-data']
21:17:52 [DEBUG] [RECAP ] [ExtensionBridge] 🔥 reCAPTCHA warm for levanlinh.kma@gmail.com
21:18:52 [DEBUG] [RECAP ] [ExtensionBridge] 🔥 reCAPTCHA warm for levanlinh.kma@gmail.com
21:19:42 [INFO ] [WS    ] [TabKeepalive] levanlinh.kma@gmail.com: API heartbeat OK (auth=200, ack=200, credits=401)
21:19:46 [DEBUG] [WS    ] [ExtensionBridge] Headers update for levanlinh.kma@gmail.com: ['x-browser-channel', 'x-browser-year', 'x-browser-validation', 'x-browser-copyright', 'x-client-data']
21:19:46 [DEBUG] [RECAP ] [ExtensionBridge] Bearer token stored for levanlinh.kma@gmail.com (424 chars)
21:19:46 [INFO ] [WS    ] [ExtensionBridge] Headers updated for levanlinh.kma@gmail.com: ['x-browser-channel', 'x-browser-year', 'x-browser-validation', 'x-browser-copyright', 'x-client-data']
21:19:52 [DEBUG] [RECAP ] [ExtensionBridge] 🔥 reCAPTCHA warm for levanlinh.kma@gmail.com
21:20:21 [DEBUG] [WS    ] [ExtensionBridge] Headers update for levanlinh.kma@gmail.com: ['x-browser-channel', 'x-browser-year', 'x-browser-validation', 'x-browser-copyright', 'x-client-data']
21:20:21 [DEBUG] [RECAP ] [ExtensionBridge] Bearer token stored for levanlinh.kma@gmail.com (424 chars)
21:20:21 [INFO ] [WS    ] [ExtensionBridge] Headers updated for levanlinh.kma@gmail.com: ['x-browser-channel', 'x-browser-year', 'x-browser-validation', 'x-browser-copyright', 'x-client-data']
21:20:52 [DEBUG] [RECAP ] [ExtensionBridge] 🔥 reCAPTCHA warm for levanlinh.kma@gmail.com
21:21:52 [DEBUG] [RECAP ] [ExtensionBridge] 🔥 reCAPTCHA warm for levanlinh.kma@gmail.com
21:22:19 [INFO ] [WS    ] [TabKeepalive] levanlinh.kma@gmail.com: API heartbeat OK (auth=200, ack=200, credits=401)
21:22:23 [DEBUG] [WS    ] [ExtensionBridge] Headers update for levanlinh.kma@gmail.com: ['x-browser-channel', 'x-browser-year', 'x-browser-validation', 'x-browser-copyright', 'x-client-data']
21:22:23 [DEBUG] [RECAP ] [ExtensionBridge] Bearer token stored for levanlinh.kma@gmail.com (424 chars)
21:22:23 [INFO ] [WS    ] [ExtensionBridge] Headers updated for levanlinh.kma@gmail.com: ['x-browser-channel', 'x-browser-year', 'x-browser-validation', 'x-browser-copyright', 'x-client-data']
21:22:52 [DEBUG] [RECAP ] [ExtensionBridge] 🔥 reCAPTCHA warm for levanlinh.kma@gmail.com
21:23:21 [DEBUG] [WS    ] [ExtensionBridge] Headers update for levanlinh.kma@gmail.com: ['x-browser-channel', 'x-browser-year', 'x-browser-validation', 'x-browser-copyright', 'x-client-data']
21:23:21 [DEBUG] [RECAP ] [ExtensionBridge] Bearer token stored for levanlinh.kma@gmail.com (424 chars)
21:23:21 [INFO ] [WS    ] [ExtensionBridge] Headers updated for levanlinh.kma@gmail.com: ['x-browser-channel', 'x-browser-year', 'x-browser-validation', 'x-browser-copyright', 'x-client-data']
21:23:52 [DEBUG] [RECAP ] [ExtensionBridge] 🔥 reCAPTCHA warm for levanlinh.kma@gmail.com
21:24:52 [DEBUG] [RECAP ] [ExtensionBridge] 🔥 reCAPTCHA warm for levanlinh.kma@gmail.com
21:25:00 [INFO ] [WS    ] [TabKeepalive] levanlinh.kma@gmail.com: API heartbeat OK (auth=200, ack=200, credits=401)
21:25:04 [DEBUG] [WS    ] [ExtensionBridge] Headers update for levanlinh.kma@gmail.com: ['x-browser-channel', 'x-browser-year', 'x-browser-validation', 'x-browser-copyright', 'x-client-data']
21:25:04 [DEBUG] [RECAP ] [ExtensionBridge] Bearer token stored for levanlinh.kma@gmail.com (424 chars)
21:25:04 [INFO ] [WS    ] [ExtensionBridge] Headers updated for levanlinh.kma@gmail.com: ['x-browser-channel', 'x-browser-year', 'x-browser-validation', 'x-browser-copyright', 'x-client-data']
21:25:52 [DEBUG] [RECAP ] [ExtensionBridge] 🔥 reCAPTCHA warm for levanlinh.kma@gmail.com
21:26:21 [DEBUG] [WS    ] [ExtensionBridge] Headers update for levanlinh.kma@gmail.com: ['x-browser-channel', 'x-browser-year', 'x-browser-validation', 'x-browser-copyright', 'x-client-data']
21:26:21 [DEBUG] [RECAP ] [ExtensionBridge] Bearer token stored for levanlinh.kma@gmail.com (424 chars)
21:26:21 [INFO ] [WS    ] [ExtensionBridge] Headers updated for levanlinh.kma@gmail.com: ['x-browser-channel', 'x-browser-year', 'x-browser-validation', 'x-browser-copyright', 'x-client-data']
21:26:53 [DEBUG] [RECAP ] [ExtensionBridge] 🔥 reCAPTCHA warm for levanlinh.kma@gmail.com
21:27:22 [INFO ] [WS    ] [TabKeepalive] levanlinh.kma@gmail.com: API heartbeat OK (auth=200, ack=200, credits=401)
21:27:25 [DEBUG] [WS    ] [ExtensionBridge] Headers update for levanlinh.kma@gmail.com: ['x-browser-channel', 'x-browser-year', 'x-browser-validation', 'x-browser-copyright', 'x-client-data']
21:27:25 [DEBUG] [RECAP ] [ExtensionBridge] Bearer token stored for levanlinh.kma@gmail.com (424 chars)
21:27:25 [INFO ] [WS    ] [ExtensionBridge] Headers updated for levanlinh.kma@gmail.com: ['x-browser-channel', 'x-browser-year', 'x-browser-validation', 'x-browser-copyright', 'x-client-data']
21:27:52 [DEBUG] [RECAP ] [ExtensionBridge] 🔥 reCAPTCHA warm for levanlinh.kma@gmail.com
21:28:52 [DEBUG] [RECAP ] [ExtensionBridge] 🔥 reCAPTCHA warm for levanlinh.kma@gmail.com
21:29:21 [DEBUG] [WS    ] [ExtensionBridge] Headers update for levanlinh.kma@gmail.com: ['x-browser-channel', 'x-browser-year', 'x-browser-validation', 'x-browser-copyright', 'x-client-data']
21:29:21 [DEBUG] [RECAP ] [ExtensionBridge] Bearer token stored for levanlinh.kma@gmail.com (424 chars)
21:29:21 [INFO ] [WS    ] [ExtensionBridge] Headers updated for levanlinh.kma@gmail.com: ['x-browser-channel', 'x-browser-year', 'x-browser-validation', 'x-browser-copyright', 'x-client-data']
21:29:52 [INFO ] [WS    ] [TabKeepalive] levanlinh.kma@gmail.com: API heartbeat OK (auth=200, ack=200, credits=401)
21:29:52 [DEBUG] [RECAP ] [ExtensionBridge] 🔥 reCAPTCHA warm for levanlinh.kma@gmail.com
21:29:55 [DEBUG] [WS    ] [ExtensionBridge] Headers update for levanlinh.kma@gmail.com: ['x-browser-channel', 'x-browser-year', 'x-browser-validation', 'x-browser-copyright', 'x-client-data']
21:29:55 [DEBUG] [RECAP ] [ExtensionBridge] Bearer token stored for levanlinh.kma@gmail.com (424 chars)
21:29:55 [INFO ] [WS    ] [ExtensionBridge] Headers updated for levanlinh.kma@gmail.com: ['x-browser-channel', 'x-browser-year', 'x-browser-validation', 'x-browser-copyright', 'x-client-data']
21:30:52 [DEBUG] [RECAP ] [ExtensionBridge] 🔥 reCAPTCHA warm for levanlinh.kma@gmail.com
21:31:52 [DEBUG] [RECAP ] [ExtensionBridge] 🔥 reCAPTCHA warm for levanlinh.kma@gmail.com
21:32:21 [DEBUG] [WS    ] [ExtensionBridge] Headers update for levanlinh.kma@gmail.com: ['x-browser-channel', 'x-browser-year', 'x-browser-validation', 'x-browser-copyright', 'x-client-data']
21:32:21 [DEBUG] [RECAP ] [ExtensionBridge] Bearer token stored for levanlinh.kma@gmail.com (424 chars)
21:32:21 [INFO ] [WS    ] [ExtensionBridge] Headers updated for levanlinh.kma@gmail.com: ['x-browser-channel', 'x-browser-year', 'x-browser-validation', 'x-browser-copyright', 'x-client-data']
21:32:33 [INFO ] [WS    ] [TabKeepalive] levanlinh.kma@gmail.com: API heartbeat OK (auth=200, ack=200, credits=401)
21:32:37 [DEBUG] [WS    ] [ExtensionBridge] Headers update for levanlinh.kma@gmail.com: ['x-browser-channel', 'x-browser-year', 'x-browser-validation', 'x-browser-copyright', 'x-client-data']
21:32:37 [DEBUG] [RECAP ] [ExtensionBridge] Bearer token stored for levanlinh.kma@gmail.com (424 chars)
21:32:37 [INFO ] [WS    ] [ExtensionBridge] Headers updated for levanlinh.kma@gmail.com: ['x-browser-channel', 'x-browser-year', 'x-browser-validation', 'x-browser-copyright', 'x-client-data']
21:32:52 [DEBUG] [RECAP ] [ExtensionBridge] 🔥 reCAPTCHA warm for levanlinh.kma@gmail.com
21:33:52 [DEBUG] [RECAP ] [ExtensionBridge] 🔥 reCAPTCHA warm for levanlinh.kma@gmail.com
21:34:52 [DEBUG] [RECAP ] [ExtensionBridge] 🔥 reCAPTCHA warm for levanlinh.kma@gmail.com
21:35:14 [INFO ] [WS    ] [TabKeepalive] levanlinh.kma@gmail.com: API heartbeat OK (auth=200, ack=200, credits=401)
21:35:18 [DEBUG] [WS    ] [ExtensionBridge] Headers update for levanlinh.kma@gmail.com: ['x-browser-channel', 'x-browser-year', 'x-browser-validation', 'x-browser-copyright', 'x-client-data']
21:35:18 [DEBUG] [RECAP ] [ExtensionBridge] Bearer token stored for levanlinh.kma@gmail.com (424 chars)
21:35:18 [INFO ] [WS    ] [ExtensionBridge] Headers updated for levanlinh.kma@gmail.com: ['x-browser-channel', 'x-browser-year', 'x-browser-validation', 'x-browser-copyright', 'x-client-data']
21:35:21 [DEBUG] [WS    ] [ExtensionBridge] Headers update for levanlinh.kma@gmail.com: ['x-browser-channel', 'x-browser-year', 'x-browser-validation', 'x-browser-copyright', 'x-client-data']
21:35:21 [DEBUG] [RECAP ] [ExtensionBridge] Bearer token stored for levanlinh.kma@gmail.com (424 chars)
21:35:21 [INFO ] [WS    ] [ExtensionBridge] Headers updated for levanlinh.kma@gmail.com: ['x-browser-channel', 'x-browser-year', 'x-browser-validation', 'x-browser-copyright', 'x-client-data']
21:35:52 [DEBUG] [RECAP ] [ExtensionBridge] 🔥 reCAPTCHA warm for levanlinh.kma@gmail.com
21:36:52 [DEBUG] [RECAP ] [ExtensionBridge] 🔥 reCAPTCHA warm for levanlinh.kma@gmail.com
21:37:27 [INFO ] [WS    ] [TabKeepalive] levanlinh.kma@gmail.com: API heartbeat OK (auth=200, ack=200, credits=401)
21:37:30 [DEBUG] [WS    ] [ExtensionBridge] Headers update for levanlinh.kma@gmail.com: ['x-browser-channel', 'x-browser-year', 'x-browser-validation', 'x-browser-copyright', 'x-client-data']
21:37:30 [DEBUG] [RECAP ] [ExtensionBridge] Bearer token stored for levanlinh.kma@gmail.com (424 chars)
21:37:30 [INFO ] [WS    ] [ExtensionBridge] Headers updated for levanlinh.kma@gmail.com: ['x-browser-channel', 'x-browser-year', 'x-browser-validation', 'x-browser-copyright', 'x-client-data']
21:37:52 [DEBUG] [RECAP ] [ExtensionBridge] 🔥 reCAPTCHA warm for levanlinh.kma@gmail.com
21:38:21 [DEBUG] [WS    ] [ExtensionBridge] Headers update for levanlinh.kma@gmail.com: ['x-browser-channel', 'x-browser-year', 'x-browser-validation', 'x-browser-copyright', 'x-client-data']
21:38:21 [DEBUG] [RECAP ] [ExtensionBridge] Bearer token stored for levanlinh.kma@gmail.com (424 chars)
21:38:21 [INFO ] [WS    ] [ExtensionBridge] Headers updated for levanlinh.kma@gmail.com: ['x-browser-channel', 'x-browser-year', 'x-browser-validation', 'x-browser-copyright', 'x-client-data']
21:38:52 [DEBUG] [RECAP ] [ExtensionBridge] 🔥 reCAPTCHA warm for levanlinh.kma@gmail.com
21:39:34 [INFO ] [WS    ] [TabKeepalive] levanlinh.kma@gmail.com: API heartbeat OK (auth=200, ack=200, credits=401)
21:39:38 [DEBUG] [WS    ] [ExtensionBridge] Headers update for levanlinh.kma@gmail.com: ['x-browser-channel', 'x-browser-year', 'x-browser-validation', 'x-browser-copyright', 'x-client-data']
21:39:38 [DEBUG] [RECAP ] [ExtensionBridge] Bearer token stored for levanlinh.kma@gmail.com (424 chars)
21:39:38 [INFO ] [WS    ] [ExtensionBridge] Headers updated for levanlinh.kma@gmail.com: ['x-browser-channel', 'x-browser-year', 'x-browser-validation', 'x-browser-copyright', 'x-client-data']
21:39:52 [DEBUG] [RECAP ] [ExtensionBridge] 🔥 reCAPTCHA warm for levanlinh.kma@gmail.com
21:40:52 [DEBUG] [RECAP ] [ExtensionBridge] 🔥 reCAPTCHA warm for levanlinh.kma@gmail.com
21:41:21 [DEBUG] [WS    ] [ExtensionBridge] Headers update for levanlinh.kma@gmail.com: ['x-browser-channel', 'x-browser-year', 'x-browser-validation', 'x-browser-copyright', 'x-client-data']
21:41:21 [DEBUG] [RECAP ] [ExtensionBridge] Bearer token stored for levanlinh.kma@gmail.com (424 chars)
21:41:21 [INFO ] [WS    ] [ExtensionBridge] Headers updated for levanlinh.kma@gmail.com: ['x-browser-channel', 'x-browser-year', 'x-browser-validation', 'x-browser-copyright', 'x-client-data']
21:41:52 [DEBUG] [RECAP ] [ExtensionBridge] 🔥 reCAPTCHA warm for levanlinh.kma@gmail.com
21:42:04 [INFO ] [WS    ] [TabKeepalive] levanlinh.kma@gmail.com: API heartbeat OK (auth=200, ack=200, credits=401)
21:42:08 [DEBUG] [WS    ] [ExtensionBridge] Headers update for levanlinh.kma@gmail.com: ['x-browser-channel', 'x-browser-year', 'x-browser-validation', 'x-browser-copyright', 'x-client-data']
21:42:08 [DEBUG] [RECAP ] [ExtensionBridge] Bearer token stored for levanlinh.kma@gmail.com (424 chars)
21:42:08 [INFO ] [WS    ] [ExtensionBridge] Headers updated for levanlinh.kma@gmail.com: ['x-browser-channel', 'x-browser-year', 'x-browser-validation', 'x-browser-copyright', 'x-client-data']
21:42:52 [DEBUG] [RECAP ] [ExtensionBridge] 🔥 reCAPTCHA warm for levanlinh.kma@gmail.com
21:43:52 [DEBUG] [RECAP ] [ExtensionBridge] 🔥 reCAPTCHA warm for levanlinh.kma@gmail.com
21:44:21 [DEBUG] [WS    ] [ExtensionBridge] Headers update for levanlinh.kma@gmail.com: ['x-browser-channel', 'x-browser-year', 'x-browser-validation', 'x-browser-copyright', 'x-client-data']
21:44:21 [DEBUG] [RECAP ] [ExtensionBridge] Bearer token stored for levanlinh.kma@gmail.com (424 chars)
21:44:21 [INFO ] [WS    ] [ExtensionBridge] Headers updated for levanlinh.kma@gmail.com: ['x-browser-channel', 'x-browser-year', 'x-browser-validation', 'x-browser-copyright', 'x-client-data']
21:44:49 [INFO ] [WS    ] [TabKeepalive] levanlinh.kma@gmail.com: API heartbeat OK (auth=200, ack=200, credits=401)
21:44:52 [DEBUG] [RECAP ] [ExtensionBridge] 🔥 reCAPTCHA warm for levanlinh.kma@gmail.com
21:44:53 [DEBUG] [WS    ] [ExtensionBridge] Headers update for levanlinh.kma@gmail.com: ['x-browser-channel', 'x-browser-year', 'x-browser-validation', 'x-browser-copyright', 'x-client-data']
21:44:53 [DEBUG] [RECAP ] [ExtensionBridge] Bearer token stored for levanlinh.kma@gmail.com (424 chars)
21:44:53 [INFO ] [WS    ] [ExtensionBridge] Headers updated for levanlinh.kma@gmail.com: ['x-browser-channel', 'x-browser-year', 'x-browser-validation', 'x-browser-copyright', 'x-client-data']
21:45:52 [DEBUG] [RECAP ] [ExtensionBridge] 🔥 reCAPTCHA warm for levanlinh.kma@gmail.com
21:46:52 [DEBUG] [RECAP ] [ExtensionBridge] 🔥 reCAPTCHA warm for levanlinh.kma@gmail.com
21:47:21 [DEBUG] [WS    ] [ExtensionBridge] Headers update for levanlinh.kma@gmail.com: ['x-browser-channel', 'x-browser-year', 'x-browser-validation', 'x-browser-copyright', 'x-client-data']
21:47:21 [DEBUG] [RECAP ] [ExtensionBridge] Bearer token stored for levanlinh.kma@gmail.com (424 chars)
21:47:21 [INFO ] [WS    ] [ExtensionBridge] Headers updated for levanlinh.kma@gmail.com: ['x-browser-channel', 'x-browser-year', 'x-browser-validation', 'x-browser-copyright', 'x-client-data']
21:47:27 [INFO ] [WS    ] [TabKeepalive] levanlinh.kma@gmail.com: API heartbeat OK (auth=200, ack=200, credits=401)
21:47:30 [DEBUG] [WS    ] [ExtensionBridge] Headers update for levanlinh.kma@gmail.com: ['x-browser-channel', 'x-browser-year', 'x-browser-validation', 'x-browser-copyright', 'x-client-data']
21:47:30 [DEBUG] [RECAP ] [ExtensionBridge] Bearer token stored for levanlinh.kma@gmail.com (424 chars)
21:47:30 [INFO ] [WS    ] [ExtensionBridge] Headers updated for levanlinh.kma@gmail.com: ['x-browser-channel', 'x-browser-year', 'x-browser-validation', 'x-browser-copyright', 'x-client-data']
21:47:52 [DEBUG] [RECAP ] [ExtensionBridge] 🔥 reCAPTCHA warm for levanlinh.kma@gmail.com
21:48:52 [DEBUG] [RECAP ] [ExtensionBridge] 🔥 reCAPTCHA warm for levanlinh.kma@gmail.com
21:49:52 [DEBUG] [RECAP ] [ExtensionBridge] 🔥 reCAPTCHA warm for levanlinh.kma@gmail.com
21:50:11 [INFO ] [WS    ] [TabKeepalive] levanlinh.kma@gmail.com: API heartbeat OK (auth=200, ack=200, credits=401)
21:50:15 [DEBUG] [WS    ] [ExtensionBridge] Headers update for levanlinh.kma@gmail.com: ['x-browser-channel', 'x-browser-year', 'x-browser-validation', 'x-browser-copyright', 'x-client-data']
21:50:15 [DEBUG] [RECAP ] [ExtensionBridge] Bearer token stored for levanlinh.kma@gmail.com (424 chars)
21:50:15 [INFO ] [WS    ] [ExtensionBridge] Headers updated for levanlinh.kma@gmail.com: ['x-browser-channel', 'x-browser-year', 'x-browser-validation', 'x-browser-copyright', 'x-client-data']
21:50:21 [DEBUG] [WS    ] [ExtensionBridge] Headers update for levanlinh.kma@gmail.com: ['x-browser-channel', 'x-browser-year', 'x-browser-validation', 'x-browser-copyright', 'x-client-data']
21:50:21 [DEBUG] [RECAP ] [ExtensionBridge] Bearer token stored for levanlinh.kma@gmail.com (424 chars)
21:50:21 [INFO ] [WS    ] [ExtensionBridge] Headers updated for levanlinh.kma@gmail.com: ['x-browser-channel', 'x-browser-year', 'x-browser-validation', 'x-browser-copyright', 'x-client-data']
21:50:52 [DEBUG] [RECAP ] [ExtensionBridge] 🔥 reCAPTCHA warm for levanlinh.kma@gmail.com
21:51:52 [DEBUG] [RECAP ] [ExtensionBridge] 🔥 reCAPTCHA warm for levanlinh.kma@gmail.com
21:52:49 [INFO ] [WS    ] [TabKeepalive] levanlinh.kma@gmail.com: API heartbeat OK (auth=200, ack=200, credits=401)
21:52:52 [DEBUG] [RECAP ] [ExtensionBridge] 🔥 reCAPTCHA warm for levanlinh.kma@gmail.com
21:52:53 [DEBUG] [WS    ] [ExtensionBridge] Headers update for levanlinh.kma@gmail.com: ['x-browser-channel', 'x-browser-year', 'x-browser-validation', 'x-browser-copyright', 'x-client-data']
21:52:53 [DEBUG] [RECAP ] [ExtensionBridge] Bearer token stored for levanlinh.kma@gmail.com (424 chars)
21:52:53 [INFO ] [WS    ] [ExtensionBridge] Headers updated for levanlinh.kma@gmail.com: ['x-browser-channel', 'x-browser-year', 'x-browser-validation', 'x-browser-copyright', 'x-client-data']
21:53:21 [DEBUG] [WS    ] [ExtensionBridge] Headers update for levanlinh.kma@gmail.com: ['x-browser-channel', 'x-browser-year', 'x-browser-validation', 'x-browser-copyright', 'x-client-data']
21:53:21 [DEBUG] [RECAP ] [ExtensionBridge] Bearer token stored for levanlinh.kma@gmail.com (424 chars)
21:53:21 [INFO ] [WS    ] [ExtensionBridge] Headers updated for levanlinh.kma@gmail.com: ['x-browser-channel', 'x-browser-year', 'x-browser-validation', 'x-browser-copyright', 'x-client-data']
21:53:52 [DEBUG] [RECAP ] [ExtensionBridge] 🔥 reCAPTCHA warm for levanlinh.kma@gmail.com
21:54:52 [DEBUG] [RECAP ] [ExtensionBridge] 🔥 reCAPTCHA warm for levanlinh.kma@gmail.com
21:55:17 [INFO ] [WS    ] [TabKeepalive] levanlinh.kma@gmail.com: API heartbeat OK (auth=200, ack=200, credits=401)
21:55:21 [DEBUG] [WS    ] [ExtensionBridge] Headers update for levanlinh.kma@gmail.com: ['x-browser-channel', 'x-browser-year', 'x-browser-validation', 'x-browser-copyright', 'x-client-data']
21:55:21 [DEBUG] [RECAP ] [ExtensionBridge] Bearer token stored for levanlinh.kma@gmail.com (424 chars)
21:55:21 [INFO ] [WS    ] [ExtensionBridge] Headers updated for levanlinh.kma@gmail.com: ['x-browser-channel', 'x-browser-year', 'x-browser-validation', 'x-browser-copyright', 'x-client-data']
21:55:52 [DEBUG] [RECAP ] [ExtensionBridge] 🔥 reCAPTCHA warm for levanlinh.kma@gmail.com
21:56:21 [DEBUG] [WS    ] [ExtensionBridge] Headers update for levanlinh.kma@gmail.com: ['x-browser-channel', 'x-browser-year', 'x-browser-validation', 'x-browser-copyright', 'x-client-data']
21:56:21 [DEBUG] [RECAP ] [ExtensionBridge] Bearer token stored for levanlinh.kma@gmail.com (424 chars)
21:56:21 [INFO ] [WS    ] [ExtensionBridge] Headers updated for levanlinh.kma@gmail.com: ['x-browser-channel', 'x-browser-year', 'x-browser-validation', 'x-browser-copyright', 'x-client-data']
21:56:52 [DEBUG] [RECAP ] [ExtensionBridge] 🔥 reCAPTCHA warm for levanlinh.kma@gmail.com
21:57:39 [INFO ] [WS    ] [TabKeepalive] levanlinh.kma@gmail.com: API heartbeat OK (auth=200, ack=200, credits=401)
21:57:43 [DEBUG] [WS    ] [ExtensionBridge] Headers update for levanlinh.kma@gmail.com: ['x-browser-channel', 'x-browser-year', 'x-browser-validation', 'x-browser-copyright', 'x-client-data']
21:57:43 [DEBUG] [RECAP ] [ExtensionBridge] Bearer token stored for levanlinh.kma@gmail.com (424 chars)
21:57:43 [INFO ] [WS    ] [ExtensionBridge] Headers updated for levanlinh.kma@gmail.com: ['x-browser-channel', 'x-browser-year', 'x-browser-validation', 'x-browser-copyright', 'x-client-data']
21:57:52 [DEBUG] [RECAP ] [ExtensionBridge] 🔥 reCAPTCHA warm for levanlinh.kma@gmail.com
21:58:52 [DEBUG] [RECAP ] [ExtensionBridge] 🔥 reCAPTCHA warm for levanlinh.kma@gmail.com
21:59:21 [DEBUG] [WS    ] [ExtensionBridge] Headers update for levanlinh.kma@gmail.com: ['x-browser-channel', 'x-browser-year', 'x-browser-validation', 'x-browser-copyright', 'x-client-data']
21:59:21 [DEBUG] [RECAP ] [ExtensionBridge] Bearer token stored for levanlinh.kma@gmail.com (424 chars)
21:59:21 [INFO ] [WS    ] [ExtensionBridge] Headers updated for levanlinh.kma@gmail.com: ['x-browser-channel', 'x-browser-year', 'x-browser-validation', 'x-browser-copyright', 'x-client-data']
21:59:52 [DEBUG] [RECAP ] [ExtensionBridge] 🔥 reCAPTCHA warm for levanlinh.kma@gmail.com
21:59:57 [INFO ] [WS    ] [TabKeepalive] levanlinh.kma@gmail.com: API heartbeat OK (auth=200, ack=200, credits=401)
22:00:00 [DEBUG] [WS    ] [ExtensionBridge] Headers update for levanlinh.kma@gmail.com: ['x-browser-channel', 'x-browser-year', 'x-browser-validation', 'x-browser-copyright', 'x-client-data']
22:00:00 [DEBUG] [RECAP ] [ExtensionBridge] Bearer token stored for levanlinh.kma@gmail.com (424 chars)
22:00:00 [INFO ] [WS    ] [ExtensionBridge] Headers updated for levanlinh.kma@gmail.com: ['x-browser-channel', 'x-browser-year', 'x-browser-validation', 'x-browser-copyright', 'x-client-data']
22:00:52 [DEBUG] [RECAP ] [ExtensionBridge] 🔥 reCAPTCHA warm for levanlinh.kma@gmail.com
22:01:52 [DEBUG] [RECAP ] [ExtensionBridge] 🔥 reCAPTCHA warm for levanlinh.kma@gmail.com
22:02:21 [DEBUG] [WS    ] [ExtensionBridge] Headers update for levanlinh.kma@gmail.com: ['x-browser-channel', 'x-browser-year', 'x-browser-validation', 'x-browser-copyright', 'x-client-data']
22:02:21 [DEBUG] [RECAP ] [ExtensionBridge] Bearer token stored for levanlinh.kma@gmail.com (424 chars)
22:02:21 [INFO ] [WS    ] [ExtensionBridge] Headers updated for levanlinh.kma@gmail.com: ['x-browser-channel', 'x-browser-year', 'x-browser-validation', 'x-browser-copyright', 'x-client-data']
22:02:42 [INFO ] [WS    ] [TabKeepalive] levanlinh.kma@gmail.com: API heartbeat OK (auth=200, ack=200, credits=401)
22:02:45 [DEBUG] [WS    ] [ExtensionBridge] Headers update for levanlinh.kma@gmail.com: ['x-browser-channel', 'x-browser-year', 'x-browser-validation', 'x-browser-copyright', 'x-client-data']
22:02:45 [DEBUG] [RECAP ] [ExtensionBridge] Bearer token stored for levanlinh.kma@gmail.com (424 chars)
22:02:45 [INFO ] [WS    ] [ExtensionBridge] Headers updated for levanlinh.kma@gmail.com: ['x-browser-channel', 'x-browser-year', 'x-browser-validation', 'x-browser-copyright', 'x-client-data']
22:02:52 [DEBUG] [RECAP ] [ExtensionBridge] 🔥 reCAPTCHA warm for levanlinh.kma@gmail.com
22:03:52 [DEBUG] [RECAP ] [ExtensionBridge] 🔥 reCAPTCHA warm for levanlinh.kma@gmail.com
22:04:52 [DEBUG] [RECAP ] [ExtensionBridge] 🔥 reCAPTCHA warm for levanlinh.kma@gmail.com
22:05:12 [INFO ] [WS    ] [TabKeepalive] levanlinh.kma@gmail.com: API heartbeat OK (auth=200, ack=200, credits=401)
22:05:16 [DEBUG] [WS    ] [ExtensionBridge] Headers update for levanlinh.kma@gmail.com: ['x-browser-channel', 'x-browser-year', 'x-browser-validation', 'x-browser-copyright', 'x-client-data']
22:05:16 [DEBUG] [RECAP ] [ExtensionBridge] Bearer token stored for levanlinh.kma@gmail.com (424 chars)
22:05:16 [INFO ] [WS    ] [ExtensionBridge] Headers updated for levanlinh.kma@gmail.com: ['x-browser-channel', 'x-browser-year', 'x-browser-validation', 'x-browser-copyright', 'x-client-data']
22:05:21 [DEBUG] [WS    ] [ExtensionBridge] Headers update for levanlinh.kma@gmail.com: ['x-browser-channel', 'x-browser-year', 'x-browser-validation', 'x-browser-copyright', 'x-client-data']
22:05:21 [DEBUG] [RECAP ] [ExtensionBridge] Bearer token stored for levanlinh.kma@gmail.com (424 chars)
22:05:21 [INFO ] [WS    ] [ExtensionBridge] Headers updated for levanlinh.kma@gmail.com: ['x-browser-channel', 'x-browser-year', 'x-browser-validation', 'x-browser-copyright', 'x-client-data']
22:05:52 [DEBUG] [RECAP ] [ExtensionBridge] 🔥 reCAPTCHA warm for levanlinh.kma@gmail.com
22:06:52 [DEBUG] [RECAP ] [ExtensionBridge] 🔥 reCAPTCHA warm for levanlinh.kma@gmail.com
22:07:52 [DEBUG] [RECAP ] [ExtensionBridge] 🔥 reCAPTCHA warm for levanlinh.kma@gmail.com
22:07:55 [INFO ] [WS    ] [TabKeepalive] levanlinh.kma@gmail.com: API heartbeat OK (auth=200, ack=200, credits=401)
22:07:59 [DEBUG] [WS    ] [ExtensionBridge] Headers update for levanlinh.kma@gmail.com: ['x-browser-channel', 'x-browser-year', 'x-browser-validation', 'x-browser-copyright', 'x-client-data']
22:07:59 [DEBUG] [RECAP ] [ExtensionBridge] Bearer token stored for levanlinh.kma@gmail.com (424 chars)
22:07:59 [INFO ] [WS    ] [ExtensionBridge] Headers updated for levanlinh.kma@gmail.com: ['x-browser-channel', 'x-browser-year', 'x-browser-validation', 'x-browser-copyright', 'x-client-data']
22:08:21 [DEBUG] [WS    ] [ExtensionBridge] Headers update for levanlinh.kma@gmail.com: ['x-browser-channel', 'x-browser-year', 'x-browser-validation', 'x-browser-copyright', 'x-client-data']
22:08:21 [DEBUG] [RECAP ] [ExtensionBridge] Bearer token stored for levanlinh.kma@gmail.com (424 chars)
22:08:21 [INFO ] [WS    ] [ExtensionBridge] Headers updated for levanlinh.kma@gmail.com: ['x-browser-channel', 'x-browser-year', 'x-browser-validation', 'x-browser-copyright', 'x-client-data']

======================================================================
  Session: 2026-03-11 17:15:42
  Account: levanlinh.kma@gmail.com
======================================================================

17:15:42 [DEBUG] [ENGINE] Sync levanlinh.kma@gmail.com: timeout (browser not ready yet)
17:15:42 [INFO ] [ENGINE] [AutoLaunch] 🔇 Starting hidden browser 1/1: levanlinh.kma@gmail.com...
17:15:43 [INFO ] [ENGINE] [AutoLaunch] ✅ levanlinh.kma@gmail.com browser hidden
17:15:43 [INFO ] [ENGINE] [levanlinh.kma@gmail.com] ⏳ Debug browser starting, waiting...
17:15:44 [INFO ] [WS    ] [ExtensionBridge] 📧 Extension registered: levanlinh.kma@gmail.com (v2.3.0)
17:15:44 [INFO ] [WS    ] [ExtensionBridge] Extension connected for levanlinh.kma@gmail.com
17:15:44 [INFO ] [RECAP ] [ProactiveWarmup] levanlinh.kma@gmail.com: waiting 10s for reCAPTCHA widget...
17:15:44 [INFO ] [WS    ] [ExtensionBridge] ✅ Startup headers refreshed for levanlinh.kma@gmail.com
17:15:45 [INFO ] [WS    ] [ExtensionBridge] ✅ x-browser-validation captured for levanlinh.kma@gmail.com
17:15:45 [INFO ] [WS    ] [ExtensionBridge] ✅ x-browser-validation captured for levanlinh.kma@gmail.com
17:15:47 [DEBUG] [WS    ] [ExtensionBridge] Headers update for levanlinh.kma@gmail.com: ['x-browser-channel', 'x-browser-year', 'x-browser-validation', 'x-browser-copyright', 'x-client-data']
17:15:47 [INFO ] [WS    ] [ExtensionBridge] Headers updated for levanlinh.kma@gmail.com: ['x-browser-channel', 'x-browser-year', 'x-browser-validation', 'x-browser-copyright', 'x-client-data']
17:15:49 [INFO ] [ENGINE] [levanlinh.kma@gmail.com] 🔗 Attaching to debug browser (page access only)
17:15:50 [DEBUG] [WS    ] [ExtensionBridge] Headers update for levanlinh.kma@gmail.com: ['x-browser-channel', 'x-browser-year', 'x-browser-validation', 'x-browser-copyright', 'x-client-data']
17:15:50 [DEBUG] [RECAP ] [ExtensionBridge] Bearer token stored for levanlinh.kma@gmail.com (424 chars)
17:15:50 [INFO ] [WS    ] [ExtensionBridge] Headers updated for levanlinh.kma@gmail.com: ['x-browser-channel', 'x-browser-year', 'x-browser-validation', 'x-browser-copyright', 'x-client-data']
17:15:52 [INFO ] [ENGINE] [AutoLaunch] Extension status: 1 emails registered: ['levanlinh.kma@gmail.com']
17:15:54 [INFO ] [ENGINE] [AppController] Extension v2.3.0 connected via bridge for levanlinh.kma@gmail.com — up-to-date
17:15:54 [INFO ] [ENGINE] [AppController] Extension batch check results: {'levanlinh.kma@gmail.com': '✅ bridge connected'}
17:15:54 [INFO ] [ENGINE] [AutoLaunch] Extension check complete: {'levanlinh.kma@gmail.com': '✅ bridge connected'}
17:15:54 [DEBUG] [WS    ] [ProactiveWarmup] levanlinh.kma@gmail.com: already in progress, skipping duplicate
17:15:54 [DEBUG] [WS    ] [ExtensionBridge] Headers update for levanlinh.kma@gmail.com: ['x-browser-channel', 'x-browser-year', 'x-browser-validation', 'x-browser-copyright', 'x-client-data']
17:15:54 [DEBUG] [RECAP ] [ExtensionBridge] Bearer token stored for levanlinh.kma@gmail.com (424 chars)
17:15:54 [INFO ] [WS    ] [ExtensionBridge] Headers updated for levanlinh.kma@gmail.com: ['x-browser-channel', 'x-browser-year', 'x-browser-validation', 'x-browser-copyright', 'x-client-data']
17:15:54 [INFO ] [RECAP ] [ExtensionBridge] ✅ grecaptcha ready for levanlinh.kma@gmail.com (trial token: 2126 chars)
17:15:54 [DEBUG] [RECAP ] [ReadinessToken] Cached trial token for levanlinh.kma@gmail.com (2126 chars) → AM + Pool
17:15:54 [DEBUG] [RECAP ] [ExtensionBridge] Cached readiness-check token for levanlinh.kma@gmail.com (2126 chars)
17:15:54 [INFO ] [RECAP ] [ProactiveWarmup] levanlinh.kma@gmail.com: ✅ reCAPTCHA pre-warmed — token cached, ready for instant Start All
17:15:56 [DEBUG] [RECAP ] [ExtensionBridge] 🔥 reCAPTCHA warm for levanlinh.kma@gmail.com
17:16:46 [DEBUG] [RECAP ] [ExtensionBridge] 🔥 reCAPTCHA warm for levanlinh.kma@gmail.com
17:17:19 [INFO ] [WS    ] [TabKeepalive] levanlinh.kma@gmail.com: API heartbeat OK (auth=200, ack=200, credits=401)
17:17:23 [DEBUG] [WS    ] [ExtensionBridge] Headers update for levanlinh.kma@gmail.com: ['x-browser-channel', 'x-browser-year', 'x-browser-validation', 'x-browser-copyright', 'x-client-data']
17:17:23 [DEBUG] [RECAP ] [ExtensionBridge] Bearer token stored for levanlinh.kma@gmail.com (424 chars)
17:17:23 [INFO ] [WS    ] [ExtensionBridge] Headers updated for levanlinh.kma@gmail.com: ['x-browser-channel', 'x-browser-year', 'x-browser-validation', 'x-browser-copyright', 'x-client-data']
17:17:46 [DEBUG] [RECAP ] [ExtensionBridge] 🔥 reCAPTCHA warm for levanlinh.kma@gmail.com
17:18:46 [DEBUG] [RECAP ] [ExtensionBridge] 🔥 reCAPTCHA warm for levanlinh.kma@gmail.com
17:18:47 [DEBUG] [WS    ] [ExtensionBridge] Headers update for levanlinh.kma@gmail.com: ['x-browser-channel', 'x-browser-year', 'x-browser-validation', 'x-browser-copyright', 'x-client-data']
17:18:47 [DEBUG] [RECAP ] [ExtensionBridge] Bearer token stored for levanlinh.kma@gmail.com (424 chars)
17:18:47 [INFO ] [WS    ] [ExtensionBridge] Headers updated for levanlinh.kma@gmail.com: ['x-browser-channel', 'x-browser-year', 'x-browser-validation', 'x-browser-copyright', 'x-client-data']
17:19:44 [INFO ] [WS    ] [TabKeepalive] levanlinh.kma@gmail.com: API heartbeat OK (auth=200, ack=200, credits=401)
17:19:46 [DEBUG] [RECAP ] [ExtensionBridge] 🔥 reCAPTCHA warm for levanlinh.kma@gmail.com
17:19:48 [DEBUG] [WS    ] [ExtensionBridge] Headers update for levanlinh.kma@gmail.com: ['x-browser-channel', 'x-browser-year', 'x-browser-validation', 'x-browser-copyright', 'x-client-data']
17:19:48 [DEBUG] [RECAP ] [ExtensionBridge] Bearer token stored for levanlinh.kma@gmail.com (424 chars)
17:19:48 [INFO ] [WS    ] [ExtensionBridge] Headers updated for levanlinh.kma@gmail.com: ['x-browser-channel', 'x-browser-year', 'x-browser-validation', 'x-browser-copyright', 'x-client-data']
17:20:46 [DEBUG] [RECAP ] [ExtensionBridge] 🔥 reCAPTCHA warm for levanlinh.kma@gmail.com
17:21:46 [DEBUG] [RECAP ] [ExtensionBridge] 🔥 reCAPTCHA warm for levanlinh.kma@gmail.com
17:21:46 [INFO ] [WS    ] [TabKeepalive] levanlinh.kma@gmail.com: API heartbeat OK (auth=200, ack=200, credits=401)
17:21:47 [DEBUG] [WS    ] [ExtensionBridge] Headers update for levanlinh.kma@gmail.com: ['x-browser-channel', 'x-browser-year', 'x-browser-validation', 'x-browser-copyright', 'x-client-data']
17:21:47 [DEBUG] [RECAP ] [ExtensionBridge] Bearer token stored for levanlinh.kma@gmail.com (424 chars)
17:21:47 [INFO ] [WS    ] [ExtensionBridge] Headers updated for levanlinh.kma@gmail.com: ['x-browser-channel', 'x-browser-year', 'x-browser-validation', 'x-browser-copyright', 'x-client-data']
17:21:50 [DEBUG] [WS    ] [ExtensionBridge] Headers update for levanlinh.kma@gmail.com: ['x-browser-channel', 'x-browser-year', 'x-browser-validation', 'x-browser-copyright', 'x-client-data']
17:21:50 [DEBUG] [RECAP ] [ExtensionBridge] Bearer token stored for levanlinh.kma@gmail.com (424 chars)
17:21:50 [INFO ] [WS    ] [ExtensionBridge] Headers updated for levanlinh.kma@gmail.com: ['x-browser-channel', 'x-browser-year', 'x-browser-validation', 'x-browser-copyright', 'x-client-data']
17:22:46 [DEBUG] [RECAP ] [ExtensionBridge] 🔥 reCAPTCHA warm for levanlinh.kma@gmail.com
17:23:46 [DEBUG] [RECAP ] [ExtensionBridge] 🔥 reCAPTCHA warm for levanlinh.kma@gmail.com
17:24:14 [INFO ] [WS    ] [TabKeepalive] levanlinh.kma@gmail.com: API heartbeat OK (auth=200, ack=200, credits=401)
17:24:18 [DEBUG] [WS    ] [ExtensionBridge] Headers update for levanlinh.kma@gmail.com: ['x-browser-channel', 'x-browser-year', 'x-browser-validation', 'x-browser-copyright', 'x-client-data']
17:24:18 [DEBUG] [RECAP ] [ExtensionBridge] Bearer token stored for levanlinh.kma@gmail.com (424 chars)
17:24:18 [INFO ] [WS    ] [ExtensionBridge] Headers updated for levanlinh.kma@gmail.com: ['x-browser-channel', 'x-browser-year', 'x-browser-validation', 'x-browser-copyright', 'x-client-data']
17:24:46 [DEBUG] [RECAP ] [ExtensionBridge] 🔥 reCAPTCHA warm for levanlinh.kma@gmail.com
17:24:47 [DEBUG] [WS    ] [ExtensionBridge] Headers update for levanlinh.kma@gmail.com: ['x-browser-channel', 'x-browser-year', 'x-browser-validation', 'x-browser-copyright', 'x-client-data']
17:24:47 [DEBUG] [RECAP ] [ExtensionBridge] Bearer token stored for levanlinh.kma@gmail.com (424 chars)
17:24:47 [INFO ] [WS    ] [ExtensionBridge] Headers updated for levanlinh.kma@gmail.com: ['x-browser-channel', 'x-browser-year', 'x-browser-validation', 'x-browser-copyright', 'x-client-data']
17:25:46 [DEBUG] [RECAP ] [ExtensionBridge] 🔥 reCAPTCHA warm for levanlinh.kma@gmail.com
17:26:23 [INFO ] [WS    ] [TabKeepalive] levanlinh.kma@gmail.com: API heartbeat OK (auth=200, ack=200, credits=401)
17:26:27 [DEBUG] [WS    ] [ExtensionBridge] Headers update for levanlinh.kma@gmail.com: ['x-browser-channel', 'x-browser-year', 'x-browser-validation', 'x-browser-copyright', 'x-client-data']
17:26:27 [DEBUG] [RECAP ] [ExtensionBridge] Bearer token stored for levanlinh.kma@gmail.com (424 chars)
17:26:27 [INFO ] [WS    ] [ExtensionBridge] Headers updated for levanlinh.kma@gmail.com: ['x-browser-channel', 'x-browser-year', 'x-browser-validation', 'x-browser-copyright', 'x-client-data']
17:26:46 [DEBUG] [RECAP ] [ExtensionBridge] 🔥 reCAPTCHA warm for levanlinh.kma@gmail.com
17:27:46 [DEBUG] [RECAP ] [ExtensionBridge] 🔥 reCAPTCHA warm for levanlinh.kma@gmail.com
17:27:47 [DEBUG] [WS    ] [ExtensionBridge] Headers update for levanlinh.kma@gmail.com: ['x-browser-channel', 'x-browser-year', 'x-browser-validation', 'x-browser-copyright', 'x-client-data']
17:27:47 [DEBUG] [RECAP ] [ExtensionBridge] Bearer token stored for levanlinh.kma@gmail.com (424 chars)
17:27:47 [INFO ] [WS    ] [ExtensionBridge] Headers updated for levanlinh.kma@gmail.com: ['x-browser-channel', 'x-browser-year', 'x-browser-validation', 'x-browser-copyright', 'x-client-data']
17:28:46 [DEBUG] [RECAP ] [ExtensionBridge] 🔥 reCAPTCHA warm for levanlinh.kma@gmail.com
17:28:56 [INFO ] [WS    ] [TabKeepalive] levanlinh.kma@gmail.com: API heartbeat OK (auth=200, ack=200, credits=401)
17:29:00 [DEBUG] [WS    ] [ExtensionBridge] Headers update for levanlinh.kma@gmail.com: ['x-browser-channel', 'x-browser-year', 'x-browser-validation', 'x-browser-copyright', 'x-client-data']
17:29:00 [DEBUG] [RECAP ] [ExtensionBridge] Bearer token stored for levanlinh.kma@gmail.com (424 chars)
17:29:00 [INFO ] [WS    ] [ExtensionBridge] Headers updated for levanlinh.kma@gmail.com: ['x-browser-channel', 'x-browser-year', 'x-browser-validation', 'x-browser-copyright', 'x-client-data']
17:29:46 [DEBUG] [RECAP ] [ExtensionBridge] 🔥 reCAPTCHA warm for levanlinh.kma@gmail.com
17:30:46 [DEBUG] [RECAP ] [ExtensionBridge] 🔥 reCAPTCHA warm for levanlinh.kma@gmail.com
17:30:47 [DEBUG] [WS    ] [ExtensionBridge] Headers update for levanlinh.kma@gmail.com: ['x-browser-channel', 'x-browser-year', 'x-browser-validation', 'x-browser-copyright', 'x-client-data']
17:30:47 [DEBUG] [RECAP ] [ExtensionBridge] Bearer token stored for levanlinh.kma@gmail.com (424 chars)
17:30:47 [INFO ] [WS    ] [ExtensionBridge] Headers updated for levanlinh.kma@gmail.com: ['x-browser-channel', 'x-browser-year', 'x-browser-validation', 'x-browser-copyright', 'x-client-data']
17:31:07 [INFO ] [WS    ] [TabKeepalive] levanlinh.kma@gmail.com: API heartbeat OK (auth=200, ack=200, credits=401)
17:31:11 [DEBUG] [WS    ] [ExtensionBridge] Headers update for levanlinh.kma@gmail.com: ['x-browser-channel', 'x-browser-year', 'x-browser-validation', 'x-browser-copyright', 'x-client-data']
17:31:11 [DEBUG] [RECAP ] [ExtensionBridge] Bearer token stored for levanlinh.kma@gmail.com (424 chars)
17:31:11 [INFO ] [WS    ] [ExtensionBridge] Headers updated for levanlinh.kma@gmail.com: ['x-browser-channel', 'x-browser-year', 'x-browser-validation', 'x-browser-copyright', 'x-client-data']
17:31:46 [DEBUG] [RECAP ] [ExtensionBridge] 🔥 reCAPTCHA warm for levanlinh.kma@gmail.com
17:32:46 [DEBUG] [RECAP ] [ExtensionBridge] 🔥 reCAPTCHA warm for levanlinh.kma@gmail.com
17:33:41 [INFO ] [WS    ] [TabKeepalive] levanlinh.kma@gmail.com: API heartbeat OK (auth=200, ack=200, credits=401)
17:33:46 [DEBUG] [RECAP ] [ExtensionBridge] 🔥 reCAPTCHA warm for levanlinh.kma@gmail.com
17:33:47 [DEBUG] [WS    ] [ExtensionBridge] Headers update for levanlinh.kma@gmail.com: ['x-browser-channel', 'x-browser-year', 'x-browser-validation', 'x-browser-copyright', 'x-client-data']
17:33:47 [DEBUG] [RECAP ] [ExtensionBridge] Bearer token stored for levanlinh.kma@gmail.com (424 chars)
17:33:47 [INFO ] [WS    ] [ExtensionBridge] Headers updated for levanlinh.kma@gmail.com: ['x-browser-channel', 'x-browser-year', 'x-browser-validation', 'x-browser-copyright', 'x-client-data']
17:34:46 [DEBUG] [RECAP ] [ExtensionBridge] 🔥 reCAPTCHA warm for levanlinh.kma@gmail.com
17:35:46 [DEBUG] [RECAP ] [ExtensionBridge] 🔥 reCAPTCHA warm for levanlinh.kma@gmail.com
17:36:01 [INFO ] [WS    ] [TabKeepalive] levanlinh.kma@gmail.com: API heartbeat OK (auth=200, ack=200, credits=401)
17:36:05 [DEBUG] [WS    ] [ExtensionBridge] Headers update for levanlinh.kma@gmail.com: ['x-browser-channel', 'x-browser-year', 'x-browser-validation', 'x-browser-copyright', 'x-client-data']
17:36:05 [DEBUG] [RECAP ] [ExtensionBridge] Bearer token stored for levanlinh.kma@gmail.com (424 chars)
17:36:05 [INFO ] [WS    ] [ExtensionBridge] Headers updated for levanlinh.kma@gmail.com: ['x-browser-channel', 'x-browser-year', 'x-browser-validation', 'x-browser-copyright', 'x-client-data']
17:36:46 [DEBUG] [RECAP ] [ExtensionBridge] 🔥 reCAPTCHA warm for levanlinh.kma@gmail.com
17:36:47 [DEBUG] [WS    ] [ExtensionBridge] Headers update for levanlinh.kma@gmail.com: ['x-browser-channel', 'x-browser-year', 'x-browser-validation', 'x-browser-copyright', 'x-client-data']
17:36:47 [DEBUG] [RECAP ] [ExtensionBridge] Bearer token stored for levanlinh.kma@gmail.com (424 chars)
17:36:47 [INFO ] [WS    ] [ExtensionBridge] Headers updated for levanlinh.kma@gmail.com: ['x-browser-channel', 'x-browser-year', 'x-browser-validation', 'x-browser-copyright', 'x-client-data']
17:37:46 [DEBUG] [RECAP ] [ExtensionBridge] 🔥 reCAPTCHA warm for levanlinh.kma@gmail.com
17:38:16 [INFO ] [WS    ] [TabKeepalive] levanlinh.kma@gmail.com: API heartbeat OK (auth=200, ack=200, credits=401)
17:38:20 [DEBUG] [WS    ] [ExtensionBridge] Headers update for levanlinh.kma@gmail.com: ['x-browser-channel', 'x-browser-year', 'x-browser-validation', 'x-browser-copyright', 'x-client-data']
17:38:20 [DEBUG] [RECAP ] [ExtensionBridge] Bearer token stored for levanlinh.kma@gmail.com (424 chars)
17:38:20 [INFO ] [WS    ] [ExtensionBridge] Headers updated for levanlinh.kma@gmail.com: ['x-browser-channel', 'x-browser-year', 'x-browser-validation', 'x-browser-copyright', 'x-client-data']
17:38:46 [DEBUG] [RECAP ] [ExtensionBridge] 🔥 reCAPTCHA warm for levanlinh.kma@gmail.com
17:39:46 [DEBUG] [RECAP ] [ExtensionBridge] 🔥 reCAPTCHA warm for levanlinh.kma@gmail.com
17:39:47 [DEBUG] [WS    ] [ExtensionBridge] Headers update for levanlinh.kma@gmail.com: ['x-browser-channel', 'x-browser-year', 'x-browser-validation', 'x-browser-copyright', 'x-client-data']
17:39:47 [DEBUG] [RECAP ] [ExtensionBridge] Bearer token stored for levanlinh.kma@gmail.com (424 chars)
17:39:47 [INFO ] [WS    ] [ExtensionBridge] Headers updated for levanlinh.kma@gmail.com: ['x-browser-channel', 'x-browser-year', 'x-browser-validation', 'x-browser-copyright', 'x-client-data']
17:40:41 [INFO ] [WS    ] [TabKeepalive] levanlinh.kma@gmail.com: API heartbeat OK (auth=200, ack=200, credits=401)
17:40:45 [DEBUG] [WS    ] [ExtensionBridge] Headers update for levanlinh.kma@gmail.com: ['x-browser-channel', 'x-browser-year', 'x-browser-validation', 'x-browser-copyright', 'x-client-data']
17:40:45 [DEBUG] [RECAP ] [ExtensionBridge] Bearer token stored for levanlinh.kma@gmail.com (424 chars)
17:40:45 [INFO ] [WS    ] [ExtensionBridge] Headers updated for levanlinh.kma@gmail.com: ['x-browser-channel', 'x-browser-year', 'x-browser-validation', 'x-browser-copyright', 'x-client-data']
17:40:46 [DEBUG] [RECAP ] [ExtensionBridge] 🔥 reCAPTCHA warm for levanlinh.kma@gmail.com
17:41:46 [DEBUG] [RECAP ] [ExtensionBridge] 🔥 reCAPTCHA warm for levanlinh.kma@gmail.com
17:43:08 [DEBUG] [WS    ] [ExtensionBridge] Headers update for levanlinh.kma@gmail.com: ['x-browser-channel', 'x-browser-year', 'x-browser-validation', 'x-browser-copyright', 'x-client-data']
17:43:08 [DEBUG] [RECAP ] [ExtensionBridge] Bearer token stored for levanlinh.kma@gmail.com (424 chars)
17:43:08 [INFO ] [WS    ] [ExtensionBridge] Headers updated for levanlinh.kma@gmail.com: ['x-browser-channel', 'x-browser-year', 'x-browser-validation', 'x-browser-copyright', 'x-client-data']
17:43:10 [INFO ] [WS    ] [ExtBridge] ⏱️ Response: simulate_activity for levanlinh.kma@gmail.com took 3.0s
17:43:14 [DEBUG] [RECAP ] [ExtensionBridge] 🔥 reCAPTCHA warm for levanlinh.kma@gmail.com
17:43:14 [INFO ] [WS    ] [ExtBridge] ⏱️ Response: simulate_activity for levanlinh.kma@gmail.com took 2.7s
17:43:19 [INFO ] [WS    ] [ExtBridge] ⏱️ Response: simulate_activity for levanlinh.kma@gmail.com took 3.0s
17:43:34 [DEBUG] [WS    ] [TabKeepalive] levanlinh.kma@gmail.com: API heartbeat skipped (no browser page)
17:43:43 [DEBUG] [WS    ] [ExtensionBridge] Headers update for levanlinh.kma@gmail.com: ['x-browser-channel', 'x-browser-year', 'x-browser-validation', 'x-browser-copyright', 'x-client-data']
17:43:43 [DEBUG] [RECAP ] [ExtensionBridge] Bearer token stored for levanlinh.kma@gmail.com (424 chars)
17:43:43 [INFO ] [WS    ] [ExtensionBridge] Headers updated for levanlinh.kma@gmail.com: ['x-browser-channel', 'x-browser-year', 'x-browser-validation', 'x-browser-copyright', 'x-client-data']
17:43:46 [DEBUG] [RECAP ] [ExtensionBridge] 🔥 reCAPTCHA warm for levanlinh.kma@gmail.com
17:44:07 [INFO ] [WS    ] [ExtBridge] ⏱️ Response: simulate_activity for levanlinh.kma@gmail.com took 3.0s
17:44:14 [INFO ] [WS    ] [ExtBridge] ⏱️ Response: simulate_activity for levanlinh.kma@gmail.com took 3.0s
17:44:37 [INFO ] [WS    ] [ExtBridge] ⏱️ Response: simulate_activity for levanlinh.kma@gmail.com took 3.0s
17:44:43 [WARNING] [WS    ] [ExtensionBridge] 🥶 Tab frozen for levanlinh.kma@gmail.com (no heartbeat for 56s) — recovery attempt 1/3
17:44:43 [INFO ] [WS    ] [ExtensionBridge] 🔄 Refresh [lightweight] for levanlinh.kma@gmail.com — frozen tab recovery 1/3
17:44:43 [INFO ] [WS    ] [ExtBridge] ⏱️ Response: simulate_activity for levanlinh.kma@gmail.com took 2.2s
17:44:43 [DEBUG] [WS    ] [ExtensionBridge] 🔄 Lightweight header refresh OK for levanlinh.kma@gmail.com
17:44:47 [DEBUG] [WS    ] [ExtensionBridge] Headers update for levanlinh.kma@gmail.com: ['x-browser-channel', 'x-browser-year', 'x-browser-validation', 'x-browser-copyright', 'x-client-data']
17:44:47 [DEBUG] [RECAP ] [ExtensionBridge] Bearer token stored for levanlinh.kma@gmail.com (424 chars)
17:44:47 [INFO ] [WS    ] [ExtensionBridge] Headers updated for levanlinh.kma@gmail.com: ['x-browser-channel', 'x-browser-year', 'x-browser-validation', 'x-browser-copyright', 'x-client-data']
17:45:05 [INFO ] [WS    ] [ExtBridge] ⏱️ Response: simulate_activity for levanlinh.kma@gmail.com took 3.0s
17:45:12 [INFO ] [WS    ] [ExtBridge] ⏱️ Response: simulate_activity for levanlinh.kma@gmail.com took 3.0s
17:45:42 [INFO ] [WS    ] [ExtBridge] ⏱️ Response: simulate_activity for levanlinh.kma@gmail.com took 3.0s
17:45:43 [WARNING] [WS    ] [ExtensionBridge] 🥶 Tab frozen for levanlinh.kma@gmail.com (no heartbeat for 59s) — recovery attempt 2/3
17:45:43 [INFO ] [WS    ] [ExtensionBridge] 🔄 Refresh [full] for levanlinh.kma@gmail.com — frozen tab recovery 2/3
17:46:10 [INFO ] [WS    ] [ExtBridge] ⏱️ Response: simulate_activity for levanlinh.kma@gmail.com took 3.0s
17:46:17 [INFO ] [WS    ] [ExtBridge] ⏱️ Response: simulate_activity for levanlinh.kma@gmail.com took 3.0s
17:46:29 [DEBUG] [WS    ] [TabKeepalive] levanlinh.kma@gmail.com: API heartbeat skipped (no browser page)
17:46:43 [WARNING] [WS    ] [ExtensionBridge] 💀 Tab DEAD for levanlinh.kma@gmail.com (3 frozen events in 300s) — browser restart needed
17:46:43 [WARNING] [ENGINE] [AppController] 💀 Tab dead: levanlinh.kma@gmail.com (reason: Tab frozen 3x in 300s) — auto-restarting browser
17:46:43 [INFO ] [ENGINE] [AppController] Restarting browser for levanlinh.kma@gmail.com...
17:46:43 [INFO ] [ENGINE] [AppController] Chrome killed for levanlinh.kma@gmail.com
17:46:46 [INFO ] [ENGINE] [AppController] ✅ Browser relaunched for levanlinh.kma@gmail.com
17:46:46 [INFO ] [ENGINE] [AppController] ✅ Browser auto-restarted for levanlinh.kma@gmail.com after tab death
17:46:47 [DEBUG] [WS    ] [ExtensionBridge] Headers update for levanlinh.kma@gmail.com: ['x-browser-channel', 'x-browser-year', 'x-browser-validation', 'x-browser-copyright', 'x-client-data']
17:46:47 [DEBUG] [RECAP ] [ExtensionBridge] Bearer token stored for levanlinh.kma@gmail.com (424 chars)
17:46:47 [INFO ] [WS    ] [ExtensionBridge] Headers updated for levanlinh.kma@gmail.com: ['x-browser-channel', 'x-browser-year', 'x-browser-validation', 'x-browser-copyright', 'x-client-data']
17:47:14 [WARNING] [WS    ] [ExtBridge] ⏱️ SLOW response: simulate_activity for levanlinh.kma@gmail.com took 16.9s (requestId=9e73159f)
17:48:23 [WARNING] [WS    ] [ExtBridge] ⏱️ SLOW response: simulate_activity for levanlinh.kma@gmail.com took 66.0s (requestId=07efe885)
17:48:23 [WARNING] [WS    ] [ExtensionBridge] ⚠️ Zombie connection: ['levanlinh.kma@gmail.com'] (no activity 68s)
17:48:23 [DEBUG] [WS    ] [ExtensionBridge] Preserved 5 headers for levanlinh.kma@gmail.com on disconnect
17:48:23 [INFO ] [WS    ] [ExtensionBridge] 📧 Extension disconnected: levanlinh.kma@gmail.com
17:48:23 [WARNING] [ENGINE] [AppController] 🔴 Browser closed for levanlinh.kma@gmail.com — scheduling auto-restart in 5s
17:48:28 [INFO ] [ENGINE] [AppController] 🔄 Auto-restarting browser for levanlinh.kma@gmail.com...
17:48:28 [INFO ] [ENGINE] [AppController] Restarting browser for levanlinh.kma@gmail.com...
17:48:28 [INFO ] [ENGINE] [AppController] Chrome killed for levanlinh.kma@gmail.com
17:48:31 [INFO ] [ENGINE] [AppController] ✅ Browser relaunched for levanlinh.kma@gmail.com
17:48:31 [INFO ] [ENGINE] [AppController] ✅ Browser auto-restarted for levanlinh.kma@gmail.com
17:48:40 [INFO ] [ENGINE] [AppController] Extension batch check results: {'levanlinh.kma@gmail.com': '⚠️ no CDP port'}
17:49:42 [INFO ] [ENGINE] [AppController] Extension batch check results: {'levanlinh.kma@gmail.com': '⚠️ no CDP port'}
17:49:42 [INFO ] [ENGINE] [AppController] Extension auto-reinstall results: {'levanlinh.kma@gmail.com': '⚠️ no CDP port'}
17:50:12 [DEBUG] [WS    ] [TabKeepalive] levanlinh.kma@gmail.com: API heartbeat skipped (no browser page)
17:52:28 [INFO ] [ENGINE] [AppController] Extension batch check results: {'levanlinh.kma@gmail.com': '✅'}
17:52:28 [INFO ] [ENGINE] [AppController] Extension auto-reinstall results: {'levanlinh.kma@gmail.com': '✅'}
17:52:38 [DEBUG] [WS    ] [TabKeepalive] levanlinh.kma@gmail.com: API heartbeat skipped (no browser page)
17:53:42 [INFO ] [ENGINE] [AppController] Extension batch check results: {'levanlinh.kma@gmail.com': '✅'}
17:53:42 [INFO ] [ENGINE] [AppController] Extension auto-reinstall results: {'levanlinh.kma@gmail.com': '✅'}
17:54:55 [DEBUG] [WS    ] [TabKeepalive] levanlinh.kma@gmail.com: API heartbeat skipped (no browser page)
17:55:44 [INFO ] [ENGINE] [AppController] Extension batch check results: {'levanlinh.kma@gmail.com': '✅'}
17:55:44 [INFO ] [ENGINE] [AppController] Extension auto-reinstall results: {'levanlinh.kma@gmail.com': '✅'}
17:57:00 [DEBUG] [WS    ] [TabKeepalive] levanlinh.kma@gmail.com: API heartbeat skipped (no browser page)
17:57:24 [INFO ] [ENGINE] [AppController] Extension batch check results: {'levanlinh.kma@gmail.com': '✅'}
17:57:24 [INFO ] [ENGINE] [AppController] Extension auto-reinstall results: {'levanlinh.kma@gmail.com': '✅'}
17:59:12 [INFO ] [ENGINE] [AutoAssign] 📧 Late-assign email: levanlinh.kma@gmail.com
17:59:12 [INFO ] [WS    ] [ExtensionBridge] 📧 Assigned email to extension: levanlinh.kma@gmail.com
17:59:12 [INFO ] [WS    ] [ExtensionBridge] Extension connected for levanlinh.kma@gmail.com
17:59:12 [INFO ] [RECAP ] [ProactiveWarmup] levanlinh.kma@gmail.com: waiting 10s for reCAPTCHA widget...
17:59:14 [DEBUG] [WS    ] [ExtensionBridge] Using preserved headers for levanlinh.kma@gmail.com (extension disconnected)
17:59:19 [DEBUG] [WS    ] [ExtensionBridge] Using preserved headers for levanlinh.kma@gmail.com (extension disconnected)
17:59:24 [DEBUG] [WS    ] [ExtensionBridge] Using preserved headers for levanlinh.kma@gmail.com (extension disconnected)
17:59:27 [DEBUG] [WS    ] [TabKeepalive] levanlinh.kma@gmail.com: API heartbeat skipped (no browser page)
17:59:28 [WARNING] [ENGINE] [ExtBridge] ⏱️ SLOW response: refresh_headers for levanlinh.kma@gmail.com took 15.7s (requestId=f7ffc94a)
17:59:28 [INFO ] [WS    ] [ExtensionBridge] ✅ Startup headers refreshed for levanlinh.kma@gmail.com
17:59:28 [INFO ] [WS    ] [ExtensionBridge] 🔄 Refresh [lightweight] for levanlinh.kma@gmail.com — content heartbeat missing 825s
17:59:29 [DEBUG] [WS    ] [ExtensionBridge] Headers update for levanlinh.kma@gmail.com: ['x-browser-channel', 'x-browser-year', 'x-browser-validation', 'x-browser-copyright', 'x-client-data']
17:59:29 [DEBUG] [RECAP ] [ExtensionBridge] Bearer token stored for levanlinh.kma@gmail.com (424 chars)
17:59:29 [INFO ] [WS    ] [ExtensionBridge] Headers updated for levanlinh.kma@gmail.com: ['x-browser-channel', 'x-browser-year', 'x-browser-validation', 'x-browser-copyright', 'x-client-data']
17:59:38 [DEBUG] [WS    ] [ExtensionBridge] Browser header probe timed out for levanlinh.kma@gmail.com
17:59:38 [WARNING] [ENGINE] [ExtBridge] ⏱️ SLOW response: probe_browser_headers for levanlinh.kma@gmail.com took 10.0s (requestId=7d6d8ebf)
17:59:38 [DEBUG] [WS    ] [ExtensionBridge] Lightweight refresh timed out for levanlinh.kma@gmail.com
17:59:38 [WARNING] [ENGINE] [ExtBridge] ⏱️ SLOW response: refresh_headers_lightweight for levanlinh.kma@gmail.com took 10.0s (requestId=da51e4a6)
17:59:48 [WARNING] [RECAP ] [ExtensionBridge] check_recaptcha_ready TIMEOUT (20.0s) for levanlinh.kma@gmail.com — extension did not respond (tab may be frozen/suspended)
17:59:48 [WARNING] [RECAP ] [ExtBridge] ⏱️ SLOW response: check_recaptcha_ready for levanlinh.kma@gmail.com took 20.0s (requestId=5d36f063)
17:59:48 [WARNING] [RECAP ] [ProactiveWarmup] levanlinh.kma@gmail.com: ⚠️ reCAPTCHA not ready yet — will retry on next readiness check
17:59:48 [ERROR] [WS    ] [ExtensionBridge] Access token request timed out for levanlinh.kma@gmail.com
17:59:48 [WARNING] [ENGINE] [ExtBridge] ⏱️ SLOW response: request_access_token for levanlinh.kma@gmail.com took 10.0s (requestId=b5ccc6bc)
17:59:48 [INFO ] [WS    ] [ExtensionBridge] 🔑 Unsolicited access token for levanlinh.kma@gmail.com
17:59:48 [INFO ] [WS    ] [ExtensionBridge] Headers updated for levanlinh.kma@gmail.com: []
17:59:52 [DEBUG] [WS    ] [ExtensionBridge] Headers update for levanlinh.kma@gmail.com: ['x-browser-channel', 'x-browser-year', 'x-browser-validation', 'x-browser-copyright', 'x-client-data']
17:59:52 [DEBUG] [RECAP ] [ExtensionBridge] Bearer token stored for levanlinh.kma@gmail.com (424 chars)
17:59:52 [INFO ] [WS    ] [ExtensionBridge] Headers updated for levanlinh.kma@gmail.com: ['x-browser-channel', 'x-browser-year', 'x-browser-validation', 'x-browser-copyright', 'x-client-data']
17:59:56 [INFO ] [WS    ] [ExtBridge] ⏱️ Response: simulate_activity for levanlinh.kma@gmail.com took 3.0s
18:00:02 [INFO ] [WS    ] [ExtBridge] ⏱️ Response: simulate_activity for levanlinh.kma@gmail.com took 3.0s
18:00:18 [WARNING] [RECAP ] [ExtensionBridge] check_recaptcha_ready TIMEOUT (20.0s) for levanlinh.kma@gmail.com — extension did not respond (tab may be frozen/suspended)
18:00:18 [WARNING] [RECAP ] [ExtBridge] ⏱️ SLOW response: check_recaptcha_ready for levanlinh.kma@gmail.com took 20.0s (requestId=8b292ca2)
18:00:18 [WARNING] [RECAP ] [ProactiveWarmup] levanlinh.kma@gmail.com: ❌ reCAPTCHA still not ready after retry
18:00:27 [DEBUG] [WS    ] [ExtensionBridge] Headers update for levanlinh.kma@gmail.com: ['x-browser-channel', 'x-browser-year', 'x-browser-validation', 'x-browser-copyright', 'x-client-data']
18:00:27 [DEBUG] [RECAP ] [ExtensionBridge] Bearer token stored for levanlinh.kma@gmail.com (424 chars)
18:00:27 [INFO ] [WS    ] [ExtensionBridge] Headers updated for levanlinh.kma@gmail.com: ['x-browser-channel', 'x-browser-year', 'x-browser-validation', 'x-browser-copyright', 'x-client-data']
18:00:32 [DEBUG] [RECAP ] [ExtensionBridge] 🔥 reCAPTCHA warm for levanlinh.kma@gmail.com
18:01:22 [DEBUG] [RECAP ] [ExtensionBridge] 🔥 reCAPTCHA warm for levanlinh.kma@gmail.com
18:01:46 [DEBUG] [WS    ] [ExtensionBridge] Headers update for levanlinh.kma@gmail.com: ['x-browser-channel', 'x-browser-year', 'x-browser-validation', 'x-browser-copyright', 'x-client-data']
18:01:46 [DEBUG] [RECAP ] [ExtensionBridge] Bearer token stored for levanlinh.kma@gmail.com (424 chars)
18:01:46 [INFO ] [WS    ] [ExtensionBridge] Headers updated for levanlinh.kma@gmail.com: ['x-browser-channel', 'x-browser-year', 'x-browser-validation', 'x-browser-copyright', 'x-client-data']
18:01:51 [INFO ] [WS    ] [TabKeepalive] levanlinh.kma@gmail.com: API heartbeat OK (auth=200, ack=200, credits=401)
18:01:55 [DEBUG] [WS    ] [ExtensionBridge] Headers update for levanlinh.kma@gmail.com: ['x-browser-channel', 'x-browser-year', 'x-browser-validation', 'x-browser-copyright', 'x-client-data']
18:01:55 [DEBUG] [RECAP ] [ExtensionBridge] Bearer token stored for levanlinh.kma@gmail.com (424 chars)
18:01:55 [INFO ] [WS    ] [ExtensionBridge] Headers updated for levanlinh.kma@gmail.com: ['x-browser-channel', 'x-browser-year', 'x-browser-validation', 'x-browser-copyright', 'x-client-data']
18:02:22 [DEBUG] [RECAP ] [ExtensionBridge] 🔥 reCAPTCHA warm for levanlinh.kma@gmail.com
18:03:22 [DEBUG] [RECAP ] [ExtensionBridge] 🔥 reCAPTCHA warm for levanlinh.kma@gmail.com
18:03:47 [INFO ] [WS    ] [TabKeepalive] levanlinh.kma@gmail.com: API heartbeat OK (auth=200, ack=200, credits=401)
18:03:51 [DEBUG] [WS    ] [ExtensionBridge] Headers update for levanlinh.kma@gmail.com: ['x-browser-channel', 'x-browser-year', 'x-browser-validation', 'x-browser-copyright', 'x-client-data']
18:03:51 [DEBUG] [RECAP ] [ExtensionBridge] Bearer token stored for levanlinh.kma@gmail.com (424 chars)
18:03:51 [INFO ] [WS    ] [ExtensionBridge] Headers updated for levanlinh.kma@gmail.com: ['x-browser-channel', 'x-browser-year', 'x-browser-validation', 'x-browser-copyright', 'x-client-data']
18:04:22 [DEBUG] [RECAP ] [ExtensionBridge] 🔥 reCAPTCHA warm for levanlinh.kma@gmail.com
18:04:46 [DEBUG] [WS    ] [ExtensionBridge] Headers update for levanlinh.kma@gmail.com: ['x-browser-channel', 'x-browser-year', 'x-browser-validation', 'x-browser-copyright', 'x-client-data']
18:04:46 [DEBUG] [RECAP ] [ExtensionBridge] Bearer token stored for levanlinh.kma@gmail.com (424 chars)
18:04:46 [INFO ] [WS    ] [ExtensionBridge] Headers updated for levanlinh.kma@gmail.com: ['x-browser-channel', 'x-browser-year', 'x-browser-validation', 'x-browser-copyright', 'x-client-data']
18:05:22 [DEBUG] [RECAP ] [ExtensionBridge] 🔥 reCAPTCHA warm for levanlinh.kma@gmail.com
18:05:50 [INFO ] [WS    ] [TabKeepalive] levanlinh.kma@gmail.com: API heartbeat OK (auth=200, ack=200, credits=401)
18:05:54 [DEBUG] [WS    ] [ExtensionBridge] Headers update for levanlinh.kma@gmail.com: ['x-browser-channel', 'x-browser-year', 'x-browser-validation', 'x-browser-copyright', 'x-client-data']
18:05:54 [DEBUG] [RECAP ] [ExtensionBridge] Bearer token stored for levanlinh.kma@gmail.com (424 chars)
18:05:54 [INFO ] [WS    ] [ExtensionBridge] Headers updated for levanlinh.kma@gmail.com: ['x-browser-channel', 'x-browser-year', 'x-browser-validation', 'x-browser-copyright', 'x-client-data']
18:06:22 [DEBUG] [RECAP ] [ExtensionBridge] 🔥 reCAPTCHA warm for levanlinh.kma@gmail.com
18:07:22 [DEBUG] [RECAP ] [ExtensionBridge] 🔥 reCAPTCHA warm for levanlinh.kma@gmail.com
18:07:46 [DEBUG] [WS    ] [ExtensionBridge] Headers update for levanlinh.kma@gmail.com: ['x-browser-channel', 'x-browser-year', 'x-browser-validation', 'x-browser-copyright', 'x-client-data']
18:07:46 [DEBUG] [RECAP ] [ExtensionBridge] Bearer token stored for levanlinh.kma@gmail.com (424 chars)
18:07:46 [INFO ] [WS    ] [ExtensionBridge] Headers updated for levanlinh.kma@gmail.com: ['x-browser-channel', 'x-browser-year', 'x-browser-validation', 'x-browser-copyright', 'x-client-data']
18:07:58 [INFO ] [WS    ] [TabKeepalive] levanlinh.kma@gmail.com: API heartbeat OK (auth=200, ack=200, credits=401)
18:08:02 [DEBUG] [WS    ] [ExtensionBridge] Headers update for levanlinh.kma@gmail.com: ['x-browser-channel', 'x-browser-year', 'x-browser-validation', 'x-browser-copyright', 'x-client-data']
18:08:02 [DEBUG] [RECAP ] [ExtensionBridge] Bearer token stored for levanlinh.kma@gmail.com (424 chars)
18:08:02 [INFO ] [WS    ] [ExtensionBridge] Headers updated for levanlinh.kma@gmail.com: ['x-browser-channel', 'x-browser-year', 'x-browser-validation', 'x-browser-copyright', 'x-client-data']
18:08:22 [DEBUG] [RECAP ] [ExtensionBridge] 🔥 reCAPTCHA warm for levanlinh.kma@gmail.com
18:09:22 [DEBUG] [RECAP ] [ExtensionBridge] 🔥 reCAPTCHA warm for levanlinh.kma@gmail.com
18:10:22 [DEBUG] [RECAP ] [ExtensionBridge] 🔥 reCAPTCHA warm for levanlinh.kma@gmail.com
18:10:24 [INFO ] [WS    ] [TabKeepalive] levanlinh.kma@gmail.com: API heartbeat OK (auth=200, ack=200, credits=401)
18:10:28 [DEBUG] [WS    ] [ExtensionBridge] Headers update for levanlinh.kma@gmail.com: ['x-browser-channel', 'x-browser-year', 'x-browser-validation', 'x-browser-copyright', 'x-client-data']
18:10:28 [DEBUG] [RECAP ] [ExtensionBridge] Bearer token stored for levanlinh.kma@gmail.com (424 chars)
18:10:28 [INFO ] [WS    ] [ExtensionBridge] Headers updated for levanlinh.kma@gmail.com: ['x-browser-channel', 'x-browser-year', 'x-browser-validation', 'x-browser-copyright', 'x-client-data']
18:10:46 [DEBUG] [WS    ] [ExtensionBridge] Headers update for levanlinh.kma@gmail.com: ['x-browser-channel', 'x-browser-year', 'x-browser-validation', 'x-browser-copyright', 'x-client-data']
18:10:46 [DEBUG] [RECAP ] [ExtensionBridge] Bearer token stored for levanlinh.kma@gmail.com (424 chars)
18:10:46 [INFO ] [WS    ] [ExtensionBridge] Headers updated for levanlinh.kma@gmail.com: ['x-browser-channel', 'x-browser-year', 'x-browser-validation', 'x-browser-copyright', 'x-client-data']
18:11:22 [DEBUG] [RECAP ] [ExtensionBridge] 🔥 reCAPTCHA warm for levanlinh.kma@gmail.com
18:12:22 [DEBUG] [RECAP ] [ExtensionBridge] 🔥 reCAPTCHA warm for levanlinh.kma@gmail.com
18:12:25 [INFO ] [WS    ] [TabKeepalive] levanlinh.kma@gmail.com: API heartbeat OK (auth=200, ack=200, credits=401)
18:12:29 [DEBUG] [WS    ] [ExtensionBridge] Headers update for levanlinh.kma@gmail.com: ['x-browser-channel', 'x-browser-year', 'x-browser-validation', 'x-browser-copyright', 'x-client-data']
18:12:29 [DEBUG] [RECAP ] [ExtensionBridge] Bearer token stored for levanlinh.kma@gmail.com (424 chars)
18:12:29 [INFO ] [WS    ] [ExtensionBridge] Headers updated for levanlinh.kma@gmail.com: ['x-browser-channel', 'x-browser-year', 'x-browser-validation', 'x-browser-copyright', 'x-client-data']
18:13:22 [DEBUG] [RECAP ] [ExtensionBridge] 🔥 reCAPTCHA warm for levanlinh.kma@gmail.com
18:13:46 [DEBUG] [WS    ] [ExtensionBridge] Headers update for levanlinh.kma@gmail.com: ['x-browser-channel', 'x-browser-year', 'x-browser-validation', 'x-browser-copyright', 'x-client-data']
18:13:46 [DEBUG] [RECAP ] [ExtensionBridge] Bearer token stored for levanlinh.kma@gmail.com (424 chars)
18:13:46 [INFO ] [WS    ] [ExtensionBridge] Headers updated for levanlinh.kma@gmail.com: ['x-browser-channel', 'x-browser-year', 'x-browser-validation', 'x-browser-copyright', 'x-client-data']
18:14:22 [DEBUG] [RECAP ] [ExtensionBridge] 🔥 reCAPTCHA warm for levanlinh.kma@gmail.com
18:14:51 [INFO ] [WS    ] [TabKeepalive] levanlinh.kma@gmail.com: API heartbeat OK (auth=200, ack=200, credits=401)
18:14:55 [DEBUG] [WS    ] [ExtensionBridge] Headers update for levanlinh.kma@gmail.com: ['x-browser-channel', 'x-browser-year', 'x-browser-validation', 'x-browser-copyright', 'x-client-data']
18:14:55 [DEBUG] [RECAP ] [ExtensionBridge] Bearer token stored for levanlinh.kma@gmail.com (424 chars)
18:14:55 [INFO ] [WS    ] [ExtensionBridge] Headers updated for levanlinh.kma@gmail.com: ['x-browser-channel', 'x-browser-year', 'x-browser-validation', 'x-browser-copyright', 'x-client-data']
18:15:22 [DEBUG] [RECAP ] [ExtensionBridge] 🔥 reCAPTCHA warm for levanlinh.kma@gmail.com
18:16:22 [DEBUG] [RECAP ] [ExtensionBridge] 🔥 reCAPTCHA warm for levanlinh.kma@gmail.com
18:16:46 [DEBUG] [WS    ] [ExtensionBridge] Headers update for levanlinh.kma@gmail.com: ['x-browser-channel', 'x-browser-year', 'x-browser-validation', 'x-browser-copyright', 'x-client-data']
18:16:46 [DEBUG] [RECAP ] [ExtensionBridge] Bearer token stored for levanlinh.kma@gmail.com (424 chars)
18:16:46 [INFO ] [WS    ] [ExtensionBridge] Headers updated for levanlinh.kma@gmail.com: ['x-browser-channel', 'x-browser-year', 'x-browser-validation', 'x-browser-copyright', 'x-client-data']
18:17:08 [INFO ] [WS    ] [TabKeepalive] levanlinh.kma@gmail.com: API heartbeat OK (auth=200, ack=200, credits=401)
18:17:12 [DEBUG] [WS    ] [ExtensionBridge] Headers update for levanlinh.kma@gmail.com: ['x-browser-channel', 'x-browser-year', 'x-browser-validation', 'x-browser-copyright', 'x-client-data']
18:17:12 [DEBUG] [RECAP ] [ExtensionBridge] Bearer token stored for levanlinh.kma@gmail.com (424 chars)
18:17:12 [INFO ] [WS    ] [ExtensionBridge] Headers updated for levanlinh.kma@gmail.com: ['x-browser-channel', 'x-browser-year', 'x-browser-validation', 'x-browser-copyright', 'x-client-data']
18:17:22 [DEBUG] [RECAP ] [ExtensionBridge] 🔥 reCAPTCHA warm for levanlinh.kma@gmail.com
18:18:22 [DEBUG] [RECAP ] [ExtensionBridge] 🔥 reCAPTCHA warm for levanlinh.kma@gmail.com
18:19:22 [DEBUG] [RECAP ] [ExtensionBridge] 🔥 reCAPTCHA warm for levanlinh.kma@gmail.com
18:19:25 [INFO ] [WS    ] [TabKeepalive] levanlinh.kma@gmail.com: API heartbeat OK (auth=200, ack=200, credits=401)
18:19:29 [DEBUG] [WS    ] [ExtensionBridge] Headers update for levanlinh.kma@gmail.com: ['x-browser-channel', 'x-browser-year', 'x-browser-validation', 'x-browser-copyright', 'x-client-data']
18:19:29 [DEBUG] [RECAP ] [ExtensionBridge] Bearer token stored for levanlinh.kma@gmail.com (424 chars)
18:19:29 [INFO ] [WS    ] [ExtensionBridge] Headers updated for levanlinh.kma@gmail.com: ['x-browser-channel', 'x-browser-year', 'x-browser-validation', 'x-browser-copyright', 'x-client-data']
18:19:46 [DEBUG] [WS    ] [ExtensionBridge] Headers update for levanlinh.kma@gmail.com: ['x-browser-channel', 'x-browser-year', 'x-browser-validation', 'x-browser-copyright', 'x-client-data']
18:19:46 [DEBUG] [RECAP ] [ExtensionBridge] Bearer token stored for levanlinh.kma@gmail.com (424 chars)
18:19:46 [INFO ] [WS    ] [ExtensionBridge] Headers updated for levanlinh.kma@gmail.com: ['x-browser-channel', 'x-browser-year', 'x-browser-validation', 'x-browser-copyright', 'x-client-data']
18:20:22 [DEBUG] [RECAP ] [ExtensionBridge] 🔥 reCAPTCHA warm for levanlinh.kma@gmail.com
18:21:22 [DEBUG] [RECAP ] [ExtensionBridge] 🔥 reCAPTCHA warm for levanlinh.kma@gmail.com
18:21:31 [INFO ] [WS    ] [TabKeepalive] levanlinh.kma@gmail.com: API heartbeat OK (auth=200, ack=200, credits=401)
18:21:35 [DEBUG] [WS    ] [ExtensionBridge] Headers update for levanlinh.kma@gmail.com: ['x-browser-channel', 'x-browser-year', 'x-browser-validation', 'x-browser-copyright', 'x-client-data']
18:21:35 [DEBUG] [RECAP ] [ExtensionBridge] Bearer token stored for levanlinh.kma@gmail.com (424 chars)
18:21:35 [INFO ] [WS    ] [ExtensionBridge] Headers updated for levanlinh.kma@gmail.com: ['x-browser-channel', 'x-browser-year', 'x-browser-validation', 'x-browser-copyright', 'x-client-data']
18:22:22 [DEBUG] [RECAP ] [ExtensionBridge] 🔥 reCAPTCHA warm for levanlinh.kma@gmail.com
18:22:29 [INFO ] [WS    ] [ExtBridge] ⏱️ Response: simulate_activity for levanlinh.kma@gmail.com took 2.2s
18:22:46 [DEBUG] [WS    ] [ExtensionBridge] Headers update for levanlinh.kma@gmail.com: ['x-browser-channel', 'x-browser-year', 'x-browser-validation', 'x-browser-copyright', 'x-client-data']
18:22:46 [DEBUG] [RECAP ] [ExtensionBridge] Bearer token stored for levanlinh.kma@gmail.com (424 chars)
18:22:46 [INFO ] [WS    ] [ExtensionBridge] Headers updated for levanlinh.kma@gmail.com: ['x-browser-channel', 'x-browser-year', 'x-browser-validation', 'x-browser-copyright', 'x-client-data']
18:23:07 [INFO ] [WS    ] [ExtBridge] ⏱️ Response: simulate_activity for levanlinh.kma@gmail.com took 3.0s
18:23:31 [DEBUG] [RECAP ] [ExtensionBridge] 🔥 reCAPTCHA warm for levanlinh.kma@gmail.com
18:23:32 [INFO ] [WS    ] [ExtBridge] ⏱️ Response: simulate_activity for levanlinh.kma@gmail.com took 3.0s
18:23:42 [INFO ] [WS    ] [ExtBridge] ⏱️ Response: simulate_activity for levanlinh.kma@gmail.com took 3.0s
18:24:13 [INFO ] [WS    ] [ExtBridge] ⏱️ Response: simulate_activity for levanlinh.kma@gmail.com took 3.0s
18:24:17 [INFO ] [WS    ] [TabKeepalive] levanlinh.kma@gmail.com: API heartbeat OK (auth=200, ack=200, credits=401)
18:24:21 [DEBUG] [WS    ] [ExtensionBridge] Headers update for levanlinh.kma@gmail.com: ['x-browser-channel', 'x-browser-year', 'x-browser-validation', 'x-browser-copyright', 'x-client-data']
18:24:21 [DEBUG] [RECAP ] [ExtensionBridge] Bearer token stored for levanlinh.kma@gmail.com (424 chars)
18:24:21 [INFO ] [WS    ] [ExtensionBridge] Headers updated for levanlinh.kma@gmail.com: ['x-browser-channel', 'x-browser-year', 'x-browser-validation', 'x-browser-copyright', 'x-client-data']
18:24:22 [DEBUG] [RECAP ] [ExtensionBridge] 🔥 reCAPTCHA warm for levanlinh.kma@gmail.com
18:24:38 [INFO ] [WS    ] [ExtBridge] ⏱️ Response: simulate_activity for levanlinh.kma@gmail.com took 3.0s
18:24:48 [INFO ] [WS    ] [ExtBridge] ⏱️ Response: simulate_activity for levanlinh.kma@gmail.com took 3.0s
18:25:19 [INFO ] [WS    ] [ExtBridge] ⏱️ Response: simulate_activity for levanlinh.kma@gmail.com took 3.0s
18:25:23 [DEBUG] [RECAP ] [ExtensionBridge] 🔥 reCAPTCHA warm for levanlinh.kma@gmail.com
18:25:48 [INFO ] [WS    ] [ExtBridge] ⏱️ Response: simulate_activity for levanlinh.kma@gmail.com took 3.0s
18:25:54 [DEBUG] [WS    ] [ExtensionBridge] Headers update for levanlinh.kma@gmail.com: ['x-browser-channel', 'x-browser-year', 'x-browser-validation', 'x-browser-copyright', 'x-client-data']
18:25:54 [DEBUG] [RECAP ] [ExtensionBridge] Bearer token stored for levanlinh.kma@gmail.com (424 chars)
18:25:54 [INFO ] [WS    ] [ExtensionBridge] Headers updated for levanlinh.kma@gmail.com: ['x-browser-channel', 'x-browser-year', 'x-browser-validation', 'x-browser-copyright', 'x-client-data']
18:26:19 [INFO ] [WS    ] [ExtBridge] ⏱️ Response: simulate_activity for levanlinh.kma@gmail.com took 3.0s
18:26:24 [DEBUG] [RECAP ] [ExtensionBridge] 🔥 reCAPTCHA warm for levanlinh.kma@gmail.com
18:26:47 [INFO ] [WS    ] [ExtBridge] ⏱️ Response: simulate_activity for levanlinh.kma@gmail.com took 3.0s
18:26:54 [INFO ] [WS    ] [ExtBridge] ⏱️ Response: simulate_activity for levanlinh.kma@gmail.com took 3.0s
18:27:09 [DEBUG] [WS    ] [TabKeepalive] levanlinh.kma@gmail.com: API heartbeat skipped (no browser page)
18:27:23 [DEBUG] [RECAP ] [ExtensionBridge] 🔥 reCAPTCHA warm for levanlinh.kma@gmail.com
18:27:25 [DEBUG] [WS    ] [ExtensionBridge] Headers update for levanlinh.kma@gmail.com: ['x-browser-channel', 'x-browser-year', 'x-browser-validation', 'x-browser-copyright', 'x-client-data']
18:27:25 [DEBUG] [RECAP ] [ExtensionBridge] Bearer token stored for levanlinh.kma@gmail.com (424 chars)
18:27:25 [INFO ] [WS    ] [ExtensionBridge] Headers updated for levanlinh.kma@gmail.com: ['x-browser-channel', 'x-browser-year', 'x-browser-validation', 'x-browser-copyright', 'x-client-data']
18:27:39 [INFO ] [WS    ] [ExtBridge] ⏱️ Response: simulate_activity for levanlinh.kma@gmail.com took 3.0s
18:27:45 [INFO ] [WS    ] [ExtBridge] ⏱️ Response: simulate_activity for levanlinh.kma@gmail.com took 3.0s
18:28:22 [DEBUG] [RECAP ] [ExtensionBridge] 🔥 reCAPTCHA warm for levanlinh.kma@gmail.com
18:28:47 [DEBUG] [WS    ] [ExtensionBridge] Headers update for levanlinh.kma@gmail.com: ['x-browser-channel', 'x-browser-year', 'x-browser-validation', 'x-browser-copyright', 'x-client-data']
18:28:47 [DEBUG] [RECAP ] [ExtensionBridge] Bearer token stored for levanlinh.kma@gmail.com (424 chars)
18:28:47 [INFO ] [WS    ] [ExtensionBridge] Headers updated for levanlinh.kma@gmail.com: ['x-browser-channel', 'x-browser-year', 'x-browser-validation', 'x-browser-copyright', 'x-client-data']
18:29:22 [DEBUG] [RECAP ] [ExtensionBridge] 🔥 reCAPTCHA warm for levanlinh.kma@gmail.com
18:29:38 [INFO ] [WS    ] [TabKeepalive] levanlinh.kma@gmail.com: API heartbeat OK (auth=200, ack=200, credits=401)
18:29:42 [DEBUG] [WS    ] [ExtensionBridge] Headers update for levanlinh.kma@gmail.com: ['x-browser-channel', 'x-browser-year', 'x-browser-validation', 'x-browser-copyright', 'x-client-data']
18:29:42 [DEBUG] [RECAP ] [ExtensionBridge] Bearer token stored for levanlinh.kma@gmail.com (424 chars)
18:29:42 [INFO ] [WS    ] [ExtensionBridge] Headers updated for levanlinh.kma@gmail.com: ['x-browser-channel', 'x-browser-year', 'x-browser-validation', 'x-browser-copyright', 'x-client-data']
18:30:22 [DEBUG] [RECAP ] [ExtensionBridge] 🔥 reCAPTCHA warm for levanlinh.kma@gmail.com
18:31:22 [DEBUG] [RECAP ] [ExtensionBridge] 🔥 reCAPTCHA warm for levanlinh.kma@gmail.com
18:31:46 [DEBUG] [WS    ] [ExtensionBridge] Headers update for levanlinh.kma@gmail.com: ['x-browser-channel', 'x-browser-year', 'x-browser-validation', 'x-browser-copyright', 'x-client-data']
18:31:46 [DEBUG] [RECAP ] [ExtensionBridge] Bearer token stored for levanlinh.kma@gmail.com (424 chars)
18:31:46 [INFO ] [WS    ] [ExtensionBridge] Headers updated for levanlinh.kma@gmail.com: ['x-browser-channel', 'x-browser-year', 'x-browser-validation', 'x-browser-copyright', 'x-client-data']
18:32:02 [INFO ] [WS    ] [TabKeepalive] levanlinh.kma@gmail.com: API heartbeat OK (auth=200, ack=200, credits=401)
18:32:06 [DEBUG] [WS    ] [ExtensionBridge] Headers update for levanlinh.kma@gmail.com: ['x-browser-channel', 'x-browser-year', 'x-browser-validation', 'x-browser-copyright', 'x-client-data']
18:32:06 [DEBUG] [RECAP ] [ExtensionBridge] Bearer token stored for levanlinh.kma@gmail.com (424 chars)
18:32:06 [INFO ] [WS    ] [ExtensionBridge] Headers updated for levanlinh.kma@gmail.com: ['x-browser-channel', 'x-browser-year', 'x-browser-validation', 'x-browser-copyright', 'x-client-data']
18:32:22 [DEBUG] [RECAP ] [ExtensionBridge] 🔥 reCAPTCHA warm for levanlinh.kma@gmail.com
18:33:22 [DEBUG] [RECAP ] [ExtensionBridge] 🔥 reCAPTCHA warm for levanlinh.kma@gmail.com
18:33:54 [INFO ] [WS    ] [TabKeepalive] levanlinh.kma@gmail.com: API heartbeat OK (auth=200, ack=200, credits=401)
18:33:57 [DEBUG] [WS    ] [ExtensionBridge] Headers update for levanlinh.kma@gmail.com: ['x-browser-channel', 'x-browser-year', 'x-browser-validation', 'x-browser-copyright', 'x-client-data']
18:33:57 [DEBUG] [RECAP ] [ExtensionBridge] Bearer token stored for levanlinh.kma@gmail.com (424 chars)
18:33:57 [INFO ] [WS    ] [ExtensionBridge] Headers updated for levanlinh.kma@gmail.com: ['x-browser-channel', 'x-browser-year', 'x-browser-validation', 'x-browser-copyright', 'x-client-data']
18:34:22 [DEBUG] [RECAP ] [ExtensionBridge] 🔥 reCAPTCHA warm for levanlinh.kma@gmail.com
18:34:46 [DEBUG] [WS    ] [ExtensionBridge] Headers update for levanlinh.kma@gmail.com: ['x-browser-channel', 'x-browser-year', 'x-browser-validation', 'x-browser-copyright', 'x-client-data']
18:34:46 [DEBUG] [RECAP ] [ExtensionBridge] Bearer token stored for levanlinh.kma@gmail.com (424 chars)
18:34:46 [INFO ] [WS    ] [ExtensionBridge] Headers updated for levanlinh.kma@gmail.com: ['x-browser-channel', 'x-browser-year', 'x-browser-validation', 'x-browser-copyright', 'x-client-data']
18:35:22 [DEBUG] [RECAP ] [ExtensionBridge] 🔥 reCAPTCHA warm for levanlinh.kma@gmail.com
18:36:11 [INFO ] [WS    ] [TabKeepalive] levanlinh.kma@gmail.com: API heartbeat OK (auth=200, ack=200, credits=401)
18:36:15 [DEBUG] [WS    ] [ExtensionBridge] Headers update for levanlinh.kma@gmail.com: ['x-browser-channel', 'x-browser-year', 'x-browser-validation', 'x-browser-copyright', 'x-client-data']
18:36:15 [DEBUG] [RECAP ] [ExtensionBridge] Bearer token stored for levanlinh.kma@gmail.com (424 chars)
18:36:15 [INFO ] [WS    ] [ExtensionBridge] Headers updated for levanlinh.kma@gmail.com: ['x-browser-channel', 'x-browser-year', 'x-browser-validation', 'x-browser-copyright', 'x-client-data']
18:36:22 [DEBUG] [RECAP ] [ExtensionBridge] 🔥 reCAPTCHA warm for levanlinh.kma@gmail.com
18:37:22 [DEBUG] [RECAP ] [ExtensionBridge] 🔥 reCAPTCHA warm for levanlinh.kma@gmail.com
18:37:46 [DEBUG] [WS    ] [ExtensionBridge] Headers update for levanlinh.kma@gmail.com: ['x-browser-channel', 'x-browser-year', 'x-browser-validation', 'x-browser-copyright', 'x-client-data']
18:37:46 [DEBUG] [RECAP ] [ExtensionBridge] Bearer token stored for levanlinh.kma@gmail.com (424 chars)
18:37:46 [INFO ] [WS    ] [ExtensionBridge] Headers updated for levanlinh.kma@gmail.com: ['x-browser-channel', 'x-browser-year', 'x-browser-validation', 'x-browser-copyright', 'x-client-data']
18:38:22 [DEBUG] [RECAP ] [ExtensionBridge] 🔥 reCAPTCHA warm for levanlinh.kma@gmail.com
18:38:25 [INFO ] [WS    ] [TabKeepalive] levanlinh.kma@gmail.com: API heartbeat OK (auth=200, ack=200, credits=401)
18:38:29 [DEBUG] [WS    ] [ExtensionBridge] Headers update for levanlinh.kma@gmail.com: ['x-browser-channel', 'x-browser-year', 'x-browser-validation', 'x-browser-copyright', 'x-client-data']
18:38:29 [DEBUG] [RECAP ] [ExtensionBridge] Bearer token stored for levanlinh.kma@gmail.com (424 chars)
18:38:29 [INFO ] [WS    ] [ExtensionBridge] Headers updated for levanlinh.kma@gmail.com: ['x-browser-channel', 'x-browser-year', 'x-browser-validation', 'x-browser-copyright', 'x-client-data']
18:39:22 [DEBUG] [RECAP ] [ExtensionBridge] 🔥 reCAPTCHA warm for levanlinh.kma@gmail.com
18:40:22 [DEBUG] [RECAP ] [ExtensionBridge] 🔥 reCAPTCHA warm for levanlinh.kma@gmail.com
18:40:34 [INFO ] [WS    ] [TabKeepalive] levanlinh.kma@gmail.com: API heartbeat OK (auth=200, ack=200, credits=401)
18:40:38 [DEBUG] [WS    ] [ExtensionBridge] Headers update for levanlinh.kma@gmail.com: ['x-browser-channel', 'x-browser-year', 'x-browser-validation', 'x-browser-copyright', 'x-client-data']
18:40:38 [DEBUG] [RECAP ] [ExtensionBridge] Bearer token stored for levanlinh.kma@gmail.com (424 chars)
18:40:38 [INFO ] [WS    ] [ExtensionBridge] Headers updated for levanlinh.kma@gmail.com: ['x-browser-channel', 'x-browser-year', 'x-browser-validation', 'x-browser-copyright', 'x-client-data']
18:40:46 [DEBUG] [WS    ] [ExtensionBridge] Headers update for levanlinh.kma@gmail.com: ['x-browser-channel', 'x-browser-year', 'x-browser-validation', 'x-browser-copyright', 'x-client-data']
18:40:46 [DEBUG] [RECAP ] [ExtensionBridge] Bearer token stored for levanlinh.kma@gmail.com (424 chars)
18:40:46 [INFO ] [WS    ] [ExtensionBridge] Headers updated for levanlinh.kma@gmail.com: ['x-browser-channel', 'x-browser-year', 'x-browser-validation', 'x-browser-copyright', 'x-client-data']
18:41:05 [INFO ] [WS    ] [ExtBridge] ⏱️ Response: simulate_activity for levanlinh.kma@gmail.com took 3.0s
18:41:17 [INFO ] [WS    ] [ExtBridge] ⏱️ Response: simulate_activity for levanlinh.kma@gmail.com took 3.0s
18:41:26 [DEBUG] [RECAP ] [ExtensionBridge] 🔥 reCAPTCHA warm for levanlinh.kma@gmail.com
18:41:46 [INFO ] [WS    ] [ExtBridge] ⏱️ Response: simulate_activity for levanlinh.kma@gmail.com took 2.4s
18:42:16 [INFO ] [WS    ] [ExtBridge] ⏱️ Response: simulate_activity for levanlinh.kma@gmail.com took 3.0s
18:42:30 [DEBUG] [RECAP ] [ExtensionBridge] 🔥 reCAPTCHA warm for levanlinh.kma@gmail.com
18:42:50 [INFO ] [WS    ] [ExtBridge] ⏱️ Response: simulate_activity for levanlinh.kma@gmail.com took 3.0s
18:42:58 [INFO ] [WS    ] [ExtBridge] ⏱️ Response: simulate_activity for levanlinh.kma@gmail.com took 3.0s
18:43:04 [INFO ] [WS    ] [ExtBridge] ⏱️ Response: simulate_activity for levanlinh.kma@gmail.com took 3.0s
18:43:29 [DEBUG] [RECAP ] [ExtensionBridge] 🔥 reCAPTCHA warm for levanlinh.kma@gmail.com
18:43:44 [DEBUG] [WS    ] [TabKeepalive] levanlinh.kma@gmail.com: API heartbeat skipped (no browser page)
18:44:00 [DEBUG] [WS    ] [ExtensionBridge] Headers update for levanlinh.kma@gmail.com: ['x-browser-channel', 'x-browser-year', 'x-browser-validation', 'x-browser-copyright', 'x-client-data']
18:44:00 [DEBUG] [RECAP ] [ExtensionBridge] Bearer token stored for levanlinh.kma@gmail.com (424 chars)
18:44:00 [INFO ] [WS    ] [ExtensionBridge] Headers updated for levanlinh.kma@gmail.com: ['x-browser-channel', 'x-browser-year', 'x-browser-validation', 'x-browser-copyright', 'x-client-data']
18:44:28 [INFO ] [WS    ] [ExtBridge] ⏱️ Response: simulate_activity for levanlinh.kma@gmail.com took 3.0s
18:44:31 [DEBUG] [RECAP ] [ExtensionBridge] 🔥 reCAPTCHA warm for levanlinh.kma@gmail.com
18:45:00 [INFO ] [WS    ] [ExtBridge] ⏱️ Response: simulate_activity for levanlinh.kma@gmail.com took 3.0s
18:45:07 [INFO ] [WS    ] [ExtBridge] ⏱️ Response: simulate_activity for levanlinh.kma@gmail.com took 3.0s
18:45:30 [DEBUG] [RECAP ] [ExtensionBridge] 🔥 reCAPTCHA warm for levanlinh.kma@gmail.com
18:45:38 [INFO ] [WS    ] [ExtBridge] ⏱️ Response: simulate_activity for levanlinh.kma@gmail.com took 3.0s
18:45:44 [INFO ] [WS    ] [ExtBridge] ⏱️ Response: simulate_activity for levanlinh.kma@gmail.com took 3.0s
18:45:52 [INFO ] [WS    ] [ExtBridge] ⏱️ Response: simulate_activity for levanlinh.kma@gmail.com took 2.3s
18:46:18 [INFO ] [WS    ] [TabKeepalive] levanlinh.kma@gmail.com: API heartbeat OK (auth=200, ack=200, credits=401)
18:46:22 [DEBUG] [RECAP ] [ExtensionBridge] 🔥 reCAPTCHA warm for levanlinh.kma@gmail.com
18:46:22 [DEBUG] [WS    ] [ExtensionBridge] Headers update for levanlinh.kma@gmail.com: ['x-browser-channel', 'x-browser-year', 'x-browser-validation', 'x-browser-copyright', 'x-client-data']
18:46:22 [DEBUG] [RECAP ] [ExtensionBridge] Bearer token stored for levanlinh.kma@gmail.com (424 chars)
18:46:22 [INFO ] [WS    ] [ExtensionBridge] Headers updated for levanlinh.kma@gmail.com: ['x-browser-channel', 'x-browser-year', 'x-browser-validation', 'x-browser-copyright', 'x-client-data']
18:46:46 [DEBUG] [WS    ] [ExtensionBridge] Headers update for levanlinh.kma@gmail.com: ['x-browser-channel', 'x-browser-year', 'x-browser-validation', 'x-browser-copyright', 'x-client-data']
18:46:46 [DEBUG] [RECAP ] [ExtensionBridge] Bearer token stored for levanlinh.kma@gmail.com (424 chars)
18:46:46 [INFO ] [WS    ] [ExtensionBridge] Headers updated for levanlinh.kma@gmail.com: ['x-browser-channel', 'x-browser-year', 'x-browser-validation', 'x-browser-copyright', 'x-client-data']
18:47:22 [DEBUG] [RECAP ] [ExtensionBridge] 🔥 reCAPTCHA warm for levanlinh.kma@gmail.com
18:48:17 [INFO ] [WS    ] [TabKeepalive] levanlinh.kma@gmail.com: API heartbeat OK (auth=200, ack=200, credits=401)
18:48:21 [DEBUG] [WS    ] [ExtensionBridge] Headers update for levanlinh.kma@gmail.com: ['x-browser-channel', 'x-browser-year', 'x-browser-validation', 'x-browser-copyright', 'x-client-data']
18:48:21 [DEBUG] [RECAP ] [ExtensionBridge] Bearer token stored for levanlinh.kma@gmail.com (424 chars)
18:48:21 [INFO ] [WS    ] [ExtensionBridge] Headers updated for levanlinh.kma@gmail.com: ['x-browser-channel', 'x-browser-year', 'x-browser-validation', 'x-browser-copyright', 'x-client-data']
18:48:22 [DEBUG] [RECAP ] [ExtensionBridge] 🔥 reCAPTCHA warm for levanlinh.kma@gmail.com
18:49:22 [DEBUG] [RECAP ] [ExtensionBridge] 🔥 reCAPTCHA warm for levanlinh.kma@gmail.com
18:49:46 [DEBUG] [WS    ] [ExtensionBridge] Headers update for levanlinh.kma@gmail.com: ['x-browser-channel', 'x-browser-year', 'x-browser-validation', 'x-browser-copyright', 'x-client-data']
18:49:46 [DEBUG] [RECAP ] [ExtensionBridge] Bearer token stored for levanlinh.kma@gmail.com (424 chars)
18:49:46 [INFO ] [WS    ] [ExtensionBridge] Headers updated for levanlinh.kma@gmail.com: ['x-browser-channel', 'x-browser-year', 'x-browser-validation', 'x-browser-copyright', 'x-client-data']
18:50:22 [DEBUG] [RECAP ] [ExtensionBridge] 🔥 reCAPTCHA warm for levanlinh.kma@gmail.com
18:50:37 [INFO ] [WS    ] [TabKeepalive] levanlinh.kma@gmail.com: API heartbeat OK (auth=200, ack=200, credits=401)
18:50:41 [DEBUG] [WS    ] [ExtensionBridge] Headers update for levanlinh.kma@gmail.com: ['x-browser-channel', 'x-browser-year', 'x-browser-validation', 'x-browser-copyright', 'x-client-data']
18:50:41 [DEBUG] [RECAP ] [ExtensionBridge] Bearer token stored for levanlinh.kma@gmail.com (424 chars)
18:50:41 [INFO ] [WS    ] [ExtensionBridge] Headers updated for levanlinh.kma@gmail.com: ['x-browser-channel', 'x-browser-year', 'x-browser-validation', 'x-browser-copyright', 'x-client-data']
18:51:22 [DEBUG] [RECAP ] [ExtensionBridge] 🔥 reCAPTCHA warm for levanlinh.kma@gmail.com
18:52:22 [DEBUG] [RECAP ] [ExtensionBridge] 🔥 reCAPTCHA warm for levanlinh.kma@gmail.com
18:52:46 [DEBUG] [WS    ] [ExtensionBridge] Headers update for levanlinh.kma@gmail.com: ['x-browser-channel', 'x-browser-year', 'x-browser-validation', 'x-browser-copyright', 'x-client-data']
18:52:46 [DEBUG] [RECAP ] [ExtensionBridge] Bearer token stored for levanlinh.kma@gmail.com (424 chars)
18:52:46 [INFO ] [WS    ] [ExtensionBridge] Headers updated for levanlinh.kma@gmail.com: ['x-browser-channel', 'x-browser-year', 'x-browser-validation', 'x-browser-copyright', 'x-client-data']
18:52:58 [INFO ] [WS    ] [TabKeepalive] levanlinh.kma@gmail.com: API heartbeat OK (auth=200, ack=200, credits=401)
18:53:02 [DEBUG] [WS    ] [ExtensionBridge] Headers update for levanlinh.kma@gmail.com: ['x-browser-channel', 'x-browser-year', 'x-browser-validation', 'x-browser-copyright', 'x-client-data']
18:53:02 [DEBUG] [RECAP ] [ExtensionBridge] Bearer token stored for levanlinh.kma@gmail.com (424 chars)
18:53:02 [INFO ] [WS    ] [ExtensionBridge] Headers updated for levanlinh.kma@gmail.com: ['x-browser-channel', 'x-browser-year', 'x-browser-validation', 'x-browser-copyright', 'x-client-data']
18:53:22 [DEBUG] [RECAP ] [ExtensionBridge] 🔥 reCAPTCHA warm for levanlinh.kma@gmail.com
18:54:22 [DEBUG] [RECAP ] [ExtensionBridge] 🔥 reCAPTCHA warm for levanlinh.kma@gmail.com
18:55:21 [INFO ] [WS    ] [TabKeepalive] levanlinh.kma@gmail.com: API heartbeat OK (auth=200, ack=200, credits=401)
18:55:22 [DEBUG] [RECAP ] [ExtensionBridge] 🔥 reCAPTCHA warm for levanlinh.kma@gmail.com
18:55:25 [DEBUG] [WS    ] [ExtensionBridge] Headers update for levanlinh.kma@gmail.com: ['x-browser-channel', 'x-browser-year', 'x-browser-validation', 'x-browser-copyright', 'x-client-data']
18:55:25 [DEBUG] [RECAP ] [ExtensionBridge] Bearer token stored for levanlinh.kma@gmail.com (424 chars)
18:55:25 [INFO ] [WS    ] [ExtensionBridge] Headers updated for levanlinh.kma@gmail.com: ['x-browser-channel', 'x-browser-year', 'x-browser-validation', 'x-browser-copyright', 'x-client-data']
18:55:46 [DEBUG] [WS    ] [ExtensionBridge] Headers update for levanlinh.kma@gmail.com: ['x-browser-channel', 'x-browser-year', 'x-browser-validation', 'x-browser-copyright', 'x-client-data']
18:55:46 [DEBUG] [RECAP ] [ExtensionBridge] Bearer token stored for levanlinh.kma@gmail.com (424 chars)
18:55:46 [INFO ] [WS    ] [ExtensionBridge] Headers updated for levanlinh.kma@gmail.com: ['x-browser-channel', 'x-browser-year', 'x-browser-validation', 'x-browser-copyright', 'x-client-data']
18:56:22 [DEBUG] [RECAP ] [ExtensionBridge] 🔥 reCAPTCHA warm for levanlinh.kma@gmail.com
18:57:22 [DEBUG] [RECAP ] [ExtensionBridge] 🔥 reCAPTCHA warm for levanlinh.kma@gmail.com
18:57:26 [INFO ] [WS    ] [TabKeepalive] levanlinh.kma@gmail.com: API heartbeat OK (auth=200, ack=200, credits=401)
18:57:30 [DEBUG] [WS    ] [ExtensionBridge] Headers update for levanlinh.kma@gmail.com: ['x-browser-channel', 'x-browser-year', 'x-browser-validation', 'x-browser-copyright', 'x-client-data']
18:57:30 [DEBUG] [RECAP ] [ExtensionBridge] Bearer token stored for levanlinh.kma@gmail.com (424 chars)
18:57:30 [INFO ] [WS    ] [ExtensionBridge] Headers updated for levanlinh.kma@gmail.com: ['x-browser-channel', 'x-browser-year', 'x-browser-validation', 'x-browser-copyright', 'x-client-data']
18:58:22 [DEBUG] [RECAP ] [ExtensionBridge] 🔥 reCAPTCHA warm for levanlinh.kma@gmail.com
18:58:46 [DEBUG] [WS    ] [ExtensionBridge] Headers update for levanlinh.kma@gmail.com: ['x-browser-channel', 'x-browser-year', 'x-browser-validation', 'x-browser-copyright', 'x-client-data']
18:58:46 [DEBUG] [RECAP ] [ExtensionBridge] Bearer token stored for levanlinh.kma@gmail.com (424 chars)
18:58:46 [INFO ] [WS    ] [ExtensionBridge] Headers updated for levanlinh.kma@gmail.com: ['x-browser-channel', 'x-browser-year', 'x-browser-validation', 'x-browser-copyright', 'x-client-data']
18:59:22 [DEBUG] [RECAP ] [ExtensionBridge] 🔥 reCAPTCHA warm for levanlinh.kma@gmail.com
19:00:02 [INFO ] [WS    ] [TabKeepalive] levanlinh.kma@gmail.com: API heartbeat OK (auth=200, ack=200, credits=401)
19:00:06 [DEBUG] [WS    ] [ExtensionBridge] Headers update for levanlinh.kma@gmail.com: ['x-browser-channel', 'x-browser-year', 'x-browser-validation', 'x-browser-copyright', 'x-client-data']
19:00:06 [DEBUG] [RECAP ] [ExtensionBridge] Bearer token stored for levanlinh.kma@gmail.com (424 chars)
19:00:06 [INFO ] [WS    ] [ExtensionBridge] Headers updated for levanlinh.kma@gmail.com: ['x-browser-channel', 'x-browser-year', 'x-browser-validation', 'x-browser-copyright', 'x-client-data']
19:00:22 [DEBUG] [RECAP ] [ExtensionBridge] 🔥 reCAPTCHA warm for levanlinh.kma@gmail.com
19:01:22 [DEBUG] [RECAP ] [ExtensionBridge] 🔥 reCAPTCHA warm for levanlinh.kma@gmail.com
19:01:46 [DEBUG] [WS    ] [ExtensionBridge] Headers update for levanlinh.kma@gmail.com: ['x-browser-channel', 'x-browser-year', 'x-browser-validation', 'x-browser-copyright', 'x-client-data']
19:01:46 [DEBUG] [RECAP ] [ExtensionBridge] Bearer token stored for levanlinh.kma@gmail.com (424 chars)
19:01:46 [INFO ] [WS    ] [ExtensionBridge] Headers updated for levanlinh.kma@gmail.com: ['x-browser-channel', 'x-browser-year', 'x-browser-validation', 'x-browser-copyright', 'x-client-data']
19:02:22 [DEBUG] [RECAP ] [ExtensionBridge] 🔥 reCAPTCHA warm for levanlinh.kma@gmail.com
19:02:24 [INFO ] [WS    ] [TabKeepalive] levanlinh.kma@gmail.com: API heartbeat OK (auth=200, ack=200, credits=401)
19:02:28 [DEBUG] [WS    ] [ExtensionBridge] Headers update for levanlinh.kma@gmail.com: ['x-browser-channel', 'x-browser-year', 'x-browser-validation', 'x-browser-copyright', 'x-client-data']
19:02:28 [DEBUG] [RECAP ] [ExtensionBridge] Bearer token stored for levanlinh.kma@gmail.com (424 chars)
19:02:28 [INFO ] [WS    ] [ExtensionBridge] Headers updated for levanlinh.kma@gmail.com: ['x-browser-channel', 'x-browser-year', 'x-browser-validation', 'x-browser-copyright', 'x-client-data']
19:03:22 [DEBUG] [RECAP ] [ExtensionBridge] 🔥 reCAPTCHA warm for levanlinh.kma@gmail.com
19:04:22 [DEBUG] [RECAP ] [ExtensionBridge] 🔥 reCAPTCHA warm for levanlinh.kma@gmail.com
19:04:22 [INFO ] [WS    ] [TabKeepalive] levanlinh.kma@gmail.com: API heartbeat OK (auth=200, ack=200, credits=401)
19:04:26 [DEBUG] [WS    ] [ExtensionBridge] Headers update for levanlinh.kma@gmail.com: ['x-browser-channel', 'x-browser-year', 'x-browser-validation', 'x-browser-copyright', 'x-client-data']
19:04:26 [DEBUG] [RECAP ] [ExtensionBridge] Bearer token stored for levanlinh.kma@gmail.com (424 chars)
19:04:26 [INFO ] [WS    ] [ExtensionBridge] Headers updated for levanlinh.kma@gmail.com: ['x-browser-channel', 'x-browser-year', 'x-browser-validation', 'x-browser-copyright', 'x-client-data']
19:04:46 [DEBUG] [WS    ] [ExtensionBridge] Headers update for levanlinh.kma@gmail.com: ['x-browser-channel', 'x-browser-year', 'x-browser-validation', 'x-browser-copyright', 'x-client-data']
19:04:46 [DEBUG] [RECAP ] [ExtensionBridge] Bearer token stored for levanlinh.kma@gmail.com (424 chars)
19:04:46 [INFO ] [WS    ] [ExtensionBridge] Headers updated for levanlinh.kma@gmail.com: ['x-browser-channel', 'x-browser-year', 'x-browser-validation', 'x-browser-copyright', 'x-client-data']
19:05:22 [DEBUG] [RECAP ] [ExtensionBridge] 🔥 reCAPTCHA warm for levanlinh.kma@gmail.com
19:06:22 [DEBUG] [RECAP ] [ExtensionBridge] 🔥 reCAPTCHA warm for levanlinh.kma@gmail.com
19:07:05 [INFO ] [WS    ] [TabKeepalive] levanlinh.kma@gmail.com: API heartbeat OK (auth=200, ack=200, credits=401)
19:07:09 [DEBUG] [WS    ] [ExtensionBridge] Headers update for levanlinh.kma@gmail.com: ['x-browser-channel', 'x-browser-year', 'x-browser-validation', 'x-browser-copyright', 'x-client-data']
19:07:09 [DEBUG] [RECAP ] [ExtensionBridge] Bearer token stored for levanlinh.kma@gmail.com (424 chars)
19:07:09 [INFO ] [WS    ] [ExtensionBridge] Headers updated for levanlinh.kma@gmail.com: ['x-browser-channel', 'x-browser-year', 'x-browser-validation', 'x-browser-copyright', 'x-client-data']
19:07:22 [DEBUG] [RECAP ] [ExtensionBridge] 🔥 reCAPTCHA warm for levanlinh.kma@gmail.com
19:07:46 [DEBUG] [WS    ] [ExtensionBridge] Headers update for levanlinh.kma@gmail.com: ['x-browser-channel', 'x-browser-year', 'x-browser-validation', 'x-browser-copyright', 'x-client-data']
19:07:46 [DEBUG] [RECAP ] [ExtensionBridge] Bearer token stored for levanlinh.kma@gmail.com (424 chars)
19:07:46 [INFO ] [WS    ] [ExtensionBridge] Headers updated for levanlinh.kma@gmail.com: ['x-browser-channel', 'x-browser-year', 'x-browser-validation', 'x-browser-copyright', 'x-client-data']
19:08:22 [DEBUG] [RECAP ] [ExtensionBridge] 🔥 reCAPTCHA warm for levanlinh.kma@gmail.com
19:09:17 [INFO ] [WS    ] [TabKeepalive] levanlinh.kma@gmail.com: API heartbeat OK (auth=200, ack=200, credits=401)
19:09:21 [DEBUG] [WS    ] [ExtensionBridge] Headers update for levanlinh.kma@gmail.com: ['x-browser-channel', 'x-browser-year', 'x-browser-validation', 'x-browser-copyright', 'x-client-data']
19:09:21 [DEBUG] [RECAP ] [ExtensionBridge] Bearer token stored for levanlinh.kma@gmail.com (424 chars)
19:09:21 [INFO ] [WS    ] [ExtensionBridge] Headers updated for levanlinh.kma@gmail.com: ['x-browser-channel', 'x-browser-year', 'x-browser-validation', 'x-browser-copyright', 'x-client-data']
19:09:22 [DEBUG] [RECAP ] [ExtensionBridge] 🔥 reCAPTCHA warm for levanlinh.kma@gmail.com
19:10:22 [DEBUG] [RECAP ] [ExtensionBridge] 🔥 reCAPTCHA warm for levanlinh.kma@gmail.com
19:10:46 [DEBUG] [WS    ] [ExtensionBridge] Headers update for levanlinh.kma@gmail.com: ['x-browser-channel', 'x-browser-year', 'x-browser-validation', 'x-browser-copyright', 'x-client-data']
19:10:46 [DEBUG] [RECAP ] [ExtensionBridge] Bearer token stored for levanlinh.kma@gmail.com (424 chars)
19:10:46 [INFO ] [WS    ] [ExtensionBridge] Headers updated for levanlinh.kma@gmail.com: ['x-browser-channel', 'x-browser-year', 'x-browser-validation', 'x-browser-copyright', 'x-client-data']
19:11:14 [INFO ] [WS    ] [TabKeepalive] levanlinh.kma@gmail.com: API heartbeat OK (auth=200, ack=200, credits=401)
19:11:18 [DEBUG] [WS    ] [ExtensionBridge] Headers update for levanlinh.kma@gmail.com: ['x-browser-channel', 'x-browser-year', 'x-browser-validation', 'x-browser-copyright', 'x-client-data']
19:11:18 [DEBUG] [RECAP ] [ExtensionBridge] Bearer token stored for levanlinh.kma@gmail.com (424 chars)
19:11:18 [INFO ] [WS    ] [ExtensionBridge] Headers updated for levanlinh.kma@gmail.com: ['x-browser-channel', 'x-browser-year', 'x-browser-validation', 'x-browser-copyright', 'x-client-data']
19:11:22 [DEBUG] [RECAP ] [ExtensionBridge] 🔥 reCAPTCHA warm for levanlinh.kma@gmail.com
19:12:22 [DEBUG] [RECAP ] [ExtensionBridge] 🔥 reCAPTCHA warm for levanlinh.kma@gmail.com
19:13:22 [DEBUG] [RECAP ] [ExtensionBridge] 🔥 reCAPTCHA warm for levanlinh.kma@gmail.com
19:13:35 [INFO ] [WS    ] [TabKeepalive] levanlinh.kma@gmail.com: API heartbeat OK (auth=200, ack=200, credits=401)
19:13:38 [DEBUG] [WS    ] [ExtensionBridge] Headers update for levanlinh.kma@gmail.com: ['x-browser-channel', 'x-browser-year', 'x-browser-validation', 'x-browser-copyright', 'x-client-data']
19:13:38 [DEBUG] [RECAP ] [ExtensionBridge] Bearer token stored for levanlinh.kma@gmail.com (424 chars)
19:13:38 [INFO ] [WS    ] [ExtensionBridge] Headers updated for levanlinh.kma@gmail.com: ['x-browser-channel', 'x-browser-year', 'x-browser-validation', 'x-browser-copyright', 'x-client-data']
19:13:46 [DEBUG] [WS    ] [ExtensionBridge] Headers update for levanlinh.kma@gmail.com: ['x-browser-channel', 'x-browser-year', 'x-browser-validation', 'x-browser-copyright', 'x-client-data']
19:13:46 [DEBUG] [RECAP ] [ExtensionBridge] Bearer token stored for levanlinh.kma@gmail.com (424 chars)
19:13:46 [INFO ] [WS    ] [ExtensionBridge] Headers updated for levanlinh.kma@gmail.com: ['x-browser-channel', 'x-browser-year', 'x-browser-validation', 'x-browser-copyright', 'x-client-data']
19:14:22 [DEBUG] [RECAP ] [ExtensionBridge] 🔥 reCAPTCHA warm for levanlinh.kma@gmail.com
19:15:22 [DEBUG] [RECAP ] [ExtensionBridge] 🔥 reCAPTCHA warm for levanlinh.kma@gmail.com
19:15:42 [INFO ] [WS    ] [TabKeepalive] levanlinh.kma@gmail.com: API heartbeat OK (auth=200, ack=200, credits=401)
19:15:45 [DEBUG] [WS    ] [ExtensionBridge] Headers update for levanlinh.kma@gmail.com: ['x-browser-channel', 'x-browser-year', 'x-browser-validation', 'x-browser-copyright', 'x-client-data']
19:15:45 [DEBUG] [RECAP ] [ExtensionBridge] Bearer token stored for levanlinh.kma@gmail.com (424 chars)
19:15:45 [INFO ] [WS    ] [ExtensionBridge] Headers updated for levanlinh.kma@gmail.com: ['x-browser-channel', 'x-browser-year', 'x-browser-validation', 'x-browser-copyright', 'x-client-data']
19:16:22 [DEBUG] [RECAP ] [ExtensionBridge] 🔥 reCAPTCHA warm for levanlinh.kma@gmail.com
19:16:46 [DEBUG] [WS    ] [ExtensionBridge] Headers update for levanlinh.kma@gmail.com: ['x-browser-channel', 'x-browser-year', 'x-browser-validation', 'x-browser-copyright', 'x-client-data']
19:16:46 [DEBUG] [RECAP ] [ExtensionBridge] Bearer token stored for levanlinh.kma@gmail.com (424 chars)
19:16:46 [INFO ] [WS    ] [ExtensionBridge] Headers updated for levanlinh.kma@gmail.com: ['x-browser-channel', 'x-browser-year', 'x-browser-validation', 'x-browser-copyright', 'x-client-data']
19:17:22 [DEBUG] [RECAP ] [ExtensionBridge] 🔥 reCAPTCHA warm for levanlinh.kma@gmail.com
19:18:05 [INFO ] [WS    ] [TabKeepalive] levanlinh.kma@gmail.com: API heartbeat OK (auth=200, ack=200, credits=401)
19:18:09 [DEBUG] [WS    ] [ExtensionBridge] Headers update for levanlinh.kma@gmail.com: ['x-browser-channel', 'x-browser-year', 'x-browser-validation', 'x-browser-copyright', 'x-client-data']
19:18:09 [DEBUG] [RECAP ] [ExtensionBridge] Bearer token stored for levanlinh.kma@gmail.com (424 chars)
19:18:09 [INFO ] [WS    ] [ExtensionBridge] Headers updated for levanlinh.kma@gmail.com: ['x-browser-channel', 'x-browser-year', 'x-browser-validation', 'x-browser-copyright', 'x-client-data']
19:18:22 [DEBUG] [RECAP ] [ExtensionBridge] 🔥 reCAPTCHA warm for levanlinh.kma@gmail.com
19:19:22 [DEBUG] [RECAP ] [ExtensionBridge] 🔥 reCAPTCHA warm for levanlinh.kma@gmail.com
19:19:46 [DEBUG] [WS    ] [ExtensionBridge] Headers update for levanlinh.kma@gmail.com: ['x-browser-channel', 'x-browser-year', 'x-browser-validation', 'x-browser-copyright', 'x-client-data']
19:19:46 [DEBUG] [RECAP ] [ExtensionBridge] Bearer token stored for levanlinh.kma@gmail.com (424 chars)
19:19:46 [INFO ] [WS    ] [ExtensionBridge] Headers updated for levanlinh.kma@gmail.com: ['x-browser-channel', 'x-browser-year', 'x-browser-validation', 'x-browser-copyright', 'x-client-data']
19:20:22 [DEBUG] [RECAP ] [ExtensionBridge] 🔥 reCAPTCHA warm for levanlinh.kma@gmail.com
19:20:23 [INFO ] [WS    ] [TabKeepalive] levanlinh.kma@gmail.com: API heartbeat OK (auth=200, ack=200, credits=401)
19:20:27 [DEBUG] [WS    ] [ExtensionBridge] Headers update for levanlinh.kma@gmail.com: ['x-browser-channel', 'x-browser-year', 'x-browser-validation', 'x-browser-copyright', 'x-client-data']
19:20:27 [DEBUG] [RECAP ] [ExtensionBridge] Bearer token stored for levanlinh.kma@gmail.com (424 chars)
19:20:27 [INFO ] [WS    ] [ExtensionBridge] Headers updated for levanlinh.kma@gmail.com: ['x-browser-channel', 'x-browser-year', 'x-browser-validation', 'x-browser-copyright', 'x-client-data']
19:21:22 [DEBUG] [RECAP ] [ExtensionBridge] 🔥 reCAPTCHA warm for levanlinh.kma@gmail.com
19:22:22 [DEBUG] [RECAP ] [ExtensionBridge] 🔥 reCAPTCHA warm for levanlinh.kma@gmail.com
19:22:44 [INFO ] [WS    ] [TabKeepalive] levanlinh.kma@gmail.com: API heartbeat OK (auth=200, ack=200, credits=401)
19:22:48 [DEBUG] [WS    ] [ExtensionBridge] Headers update for levanlinh.kma@gmail.com: ['x-browser-channel', 'x-browser-year', 'x-browser-validation', 'x-browser-copyright', 'x-client-data']
19:22:48 [DEBUG] [RECAP ] [ExtensionBridge] Bearer token stored for levanlinh.kma@gmail.com (424 chars)
19:22:48 [INFO ] [WS    ] [ExtensionBridge] Headers updated for levanlinh.kma@gmail.com: ['x-browser-channel', 'x-browser-year', 'x-browser-validation', 'x-browser-copyright', 'x-client-data']
19:23:22 [DEBUG] [RECAP ] [ExtensionBridge] 🔥 reCAPTCHA warm for levanlinh.kma@gmail.com
19:24:22 [DEBUG] [RECAP ] [ExtensionBridge] 🔥 reCAPTCHA warm for levanlinh.kma@gmail.com
19:24:45 [INFO ] [WS    ] [TabKeepalive] levanlinh.kma@gmail.com: API heartbeat OK (auth=200, ack=200, credits=401)
19:24:49 [DEBUG] [WS    ] [ExtensionBridge] Headers update for levanlinh.kma@gmail.com: ['x-browser-channel', 'x-browser-year', 'x-browser-validation', 'x-browser-copyright', 'x-client-data']
19:24:49 [DEBUG] [RECAP ] [ExtensionBridge] Bearer token stored for levanlinh.kma@gmail.com (424 chars)
19:24:49 [INFO ] [WS    ] [ExtensionBridge] Headers updated for levanlinh.kma@gmail.com: ['x-browser-channel', 'x-browser-year', 'x-browser-validation', 'x-browser-copyright', 'x-client-data']
19:25:22 [DEBUG] [RECAP ] [ExtensionBridge] 🔥 reCAPTCHA warm for levanlinh.kma@gmail.com
19:25:46 [DEBUG] [WS    ] [ExtensionBridge] Headers update for levanlinh.kma@gmail.com: ['x-browser-channel', 'x-browser-year', 'x-browser-validation', 'x-browser-copyright', 'x-client-data']
19:25:46 [DEBUG] [RECAP ] [ExtensionBridge] Bearer token stored for levanlinh.kma@gmail.com (424 chars)
19:25:46 [INFO ] [WS    ] [ExtensionBridge] Headers updated for levanlinh.kma@gmail.com: ['x-browser-channel', 'x-browser-year', 'x-browser-validation', 'x-browser-copyright', 'x-client-data']
19:26:22 [DEBUG] [RECAP ] [ExtensionBridge] 🔥 reCAPTCHA warm for levanlinh.kma@gmail.com
19:27:22 [DEBUG] [RECAP ] [ExtensionBridge] 🔥 reCAPTCHA warm for levanlinh.kma@gmail.com
19:27:23 [INFO ] [WS    ] [TabKeepalive] levanlinh.kma@gmail.com: API heartbeat OK (auth=200, ack=200, credits=401)
19:27:27 [DEBUG] [WS    ] [ExtensionBridge] Headers update for levanlinh.kma@gmail.com: ['x-browser-channel', 'x-browser-year', 'x-browser-validation', 'x-browser-copyright', 'x-client-data']
19:27:27 [DEBUG] [RECAP ] [ExtensionBridge] Bearer token stored for levanlinh.kma@gmail.com (424 chars)
19:27:27 [INFO ] [WS    ] [ExtensionBridge] Headers updated for levanlinh.kma@gmail.com: ['x-browser-channel', 'x-browser-year', 'x-browser-validation', 'x-browser-copyright', 'x-client-data']
19:28:22 [DEBUG] [RECAP ] [ExtensionBridge] 🔥 reCAPTCHA warm for levanlinh.kma@gmail.com
19:28:46 [DEBUG] [WS    ] [ExtensionBridge] Headers update for levanlinh.kma@gmail.com: ['x-browser-channel', 'x-browser-year', 'x-browser-validation', 'x-browser-copyright', 'x-client-data']
19:28:46 [DEBUG] [RECAP ] [ExtensionBridge] Bearer token stored for levanlinh.kma@gmail.com (424 chars)
19:28:46 [INFO ] [WS    ] [ExtensionBridge] Headers updated for levanlinh.kma@gmail.com: ['x-browser-channel', 'x-browser-year', 'x-browser-validation', 'x-browser-copyright', 'x-client-data']
19:29:22 [DEBUG] [RECAP ] [ExtensionBridge] 🔥 reCAPTCHA warm for levanlinh.kma@gmail.com
19:29:26 [INFO ] [WS    ] [TabKeepalive] levanlinh.kma@gmail.com: API heartbeat OK (auth=200, ack=200, credits=401)
19:29:30 [DEBUG] [WS    ] [ExtensionBridge] Headers update for levanlinh.kma@gmail.com: ['x-browser-channel', 'x-browser-year', 'x-browser-validation', 'x-browser-copyright', 'x-client-data']
19:29:30 [DEBUG] [RECAP ] [ExtensionBridge] Bearer token stored for levanlinh.kma@gmail.com (424 chars)
19:29:30 [INFO ] [WS    ] [ExtensionBridge] Headers updated for levanlinh.kma@gmail.com: ['x-browser-channel', 'x-browser-year', 'x-browser-validation', 'x-browser-copyright', 'x-client-data']
19:30:22 [DEBUG] [RECAP ] [ExtensionBridge] 🔥 reCAPTCHA warm for levanlinh.kma@gmail.com
19:31:22 [DEBUG] [RECAP ] [ExtensionBridge] 🔥 reCAPTCHA warm for levanlinh.kma@gmail.com
19:31:46 [DEBUG] [WS    ] [ExtensionBridge] Headers update for levanlinh.kma@gmail.com: ['x-browser-channel', 'x-browser-year', 'x-browser-validation', 'x-browser-copyright', 'x-client-data']
19:31:46 [DEBUG] [RECAP ] [ExtensionBridge] Bearer token stored for levanlinh.kma@gmail.com (424 chars)
19:31:46 [INFO ] [WS    ] [ExtensionBridge] Headers updated for levanlinh.kma@gmail.com: ['x-browser-channel', 'x-browser-year', 'x-browser-validation', 'x-browser-copyright', 'x-client-data']
19:31:52 [INFO ] [WS    ] [TabKeepalive] levanlinh.kma@gmail.com: API heartbeat OK (auth=200, ack=200, credits=401)
19:31:56 [DEBUG] [WS    ] [ExtensionBridge] Headers update for levanlinh.kma@gmail.com: ['x-browser-channel', 'x-browser-year', 'x-browser-validation', 'x-browser-copyright', 'x-client-data']
19:31:56 [DEBUG] [RECAP ] [ExtensionBridge] Bearer token stored for levanlinh.kma@gmail.com (424 chars)
19:31:56 [INFO ] [WS    ] [ExtensionBridge] Headers updated for levanlinh.kma@gmail.com: ['x-browser-channel', 'x-browser-year', 'x-browser-validation', 'x-browser-copyright', 'x-client-data']
19:32:22 [DEBUG] [RECAP ] [ExtensionBridge] 🔥 reCAPTCHA warm for levanlinh.kma@gmail.com
19:33:22 [DEBUG] [RECAP ] [ExtensionBridge] 🔥 reCAPTCHA warm for levanlinh.kma@gmail.com
19:33:51 [INFO ] [WS    ] [TabKeepalive] levanlinh.kma@gmail.com: API heartbeat OK (auth=200, ack=200, credits=401)
19:33:54 [DEBUG] [WS    ] [ExtensionBridge] Headers update for levanlinh.kma@gmail.com: ['x-browser-channel', 'x-browser-year', 'x-browser-validation', 'x-browser-copyright', 'x-client-data']
19:33:54 [DEBUG] [RECAP ] [ExtensionBridge] Bearer token stored for levanlinh.kma@gmail.com (424 chars)
19:33:54 [INFO ] [WS    ] [ExtensionBridge] Headers updated for levanlinh.kma@gmail.com: ['x-browser-channel', 'x-browser-year', 'x-browser-validation', 'x-browser-copyright', 'x-client-data']
19:34:22 [DEBUG] [RECAP ] [ExtensionBridge] 🔥 reCAPTCHA warm for levanlinh.kma@gmail.com
19:34:46 [DEBUG] [WS    ] [ExtensionBridge] Headers update for levanlinh.kma@gmail.com: ['x-browser-channel', 'x-browser-year', 'x-browser-validation', 'x-browser-copyright', 'x-client-data']
19:34:46 [DEBUG] [RECAP ] [ExtensionBridge] Bearer token stored for levanlinh.kma@gmail.com (424 chars)
19:34:46 [INFO ] [WS    ] [ExtensionBridge] Headers updated for levanlinh.kma@gmail.com: ['x-browser-channel', 'x-browser-year', 'x-browser-validation', 'x-browser-copyright', 'x-client-data']
19:35:22 [DEBUG] [RECAP ] [ExtensionBridge] 🔥 reCAPTCHA warm for levanlinh.kma@gmail.com
19:36:20 [INFO ] [WS    ] [TabKeepalive] levanlinh.kma@gmail.com: API heartbeat OK (auth=200, ack=200, credits=401)
19:36:22 [DEBUG] [RECAP ] [ExtensionBridge] 🔥 reCAPTCHA warm for levanlinh.kma@gmail.com
19:36:24 [DEBUG] [WS    ] [ExtensionBridge] Headers update for levanlinh.kma@gmail.com: ['x-browser-channel', 'x-browser-year', 'x-browser-validation', 'x-browser-copyright', 'x-client-data']
19:36:24 [DEBUG] [RECAP ] [ExtensionBridge] Bearer token stored for levanlinh.kma@gmail.com (424 chars)
19:36:24 [INFO ] [WS    ] [ExtensionBridge] Headers updated for levanlinh.kma@gmail.com: ['x-browser-channel', 'x-browser-year', 'x-browser-validation', 'x-browser-copyright', 'x-client-data']
19:37:22 [DEBUG] [RECAP ] [ExtensionBridge] 🔥 reCAPTCHA warm for levanlinh.kma@gmail.com
19:37:46 [DEBUG] [WS    ] [ExtensionBridge] Headers update for levanlinh.kma@gmail.com: ['x-browser-channel', 'x-browser-year', 'x-browser-validation', 'x-browser-copyright', 'x-client-data']
19:37:46 [DEBUG] [RECAP ] [ExtensionBridge] Bearer token stored for levanlinh.kma@gmail.com (424 chars)
19:37:46 [INFO ] [WS    ] [ExtensionBridge] Headers updated for levanlinh.kma@gmail.com: ['x-browser-channel', 'x-browser-year', 'x-browser-validation', 'x-browser-copyright', 'x-client-data']
19:38:22 [DEBUG] [RECAP ] [ExtensionBridge] 🔥 reCAPTCHA warm for levanlinh.kma@gmail.com
19:38:29 [INFO ] [WS    ] [TabKeepalive] levanlinh.kma@gmail.com: API heartbeat OK (auth=200, ack=200, credits=401)
19:38:33 [DEBUG] [WS    ] [ExtensionBridge] Headers update for levanlinh.kma@gmail.com: ['x-browser-channel', 'x-browser-year', 'x-browser-validation', 'x-browser-copyright', 'x-client-data']
19:38:33 [DEBUG] [RECAP ] [ExtensionBridge] Bearer token stored for levanlinh.kma@gmail.com (424 chars)
19:38:33 [INFO ] [WS    ] [ExtensionBridge] Headers updated for levanlinh.kma@gmail.com: ['x-browser-channel', 'x-browser-year', 'x-browser-validation', 'x-browser-copyright', 'x-client-data']
19:39:22 [DEBUG] [RECAP ] [ExtensionBridge] 🔥 reCAPTCHA warm for levanlinh.kma@gmail.com
19:40:22 [DEBUG] [RECAP ] [ExtensionBridge] 🔥 reCAPTCHA warm for levanlinh.kma@gmail.com
19:40:31 [INFO ] [WS    ] [TabKeepalive] levanlinh.kma@gmail.com: API heartbeat OK (auth=200, ack=200, credits=401)
19:40:35 [DEBUG] [WS    ] [ExtensionBridge] Headers update for levanlinh.kma@gmail.com: ['x-browser-channel', 'x-browser-year', 'x-browser-validation', 'x-browser-copyright', 'x-client-data']
19:40:35 [DEBUG] [RECAP ] [ExtensionBridge] Bearer token stored for levanlinh.kma@gmail.com (424 chars)
19:40:35 [INFO ] [WS    ] [ExtensionBridge] Headers updated for levanlinh.kma@gmail.com: ['x-browser-channel', 'x-browser-year', 'x-browser-validation', 'x-browser-copyright', 'x-client-data']
19:40:46 [DEBUG] [WS    ] [ExtensionBridge] Headers update for levanlinh.kma@gmail.com: ['x-browser-channel', 'x-browser-year', 'x-browser-validation', 'x-browser-copyright', 'x-client-data']
19:40:46 [DEBUG] [RECAP ] [ExtensionBridge] Bearer token stored for levanlinh.kma@gmail.com (424 chars)
19:40:46 [INFO ] [WS    ] [ExtensionBridge] Headers updated for levanlinh.kma@gmail.com: ['x-browser-channel', 'x-browser-year', 'x-browser-validation', 'x-browser-copyright', 'x-client-data']
19:41:22 [DEBUG] [RECAP ] [ExtensionBridge] 🔥 reCAPTCHA warm for levanlinh.kma@gmail.com
19:42:22 [DEBUG] [RECAP ] [ExtensionBridge] 🔥 reCAPTCHA warm for levanlinh.kma@gmail.com
19:42:35 [INFO ] [WS    ] [TabKeepalive] levanlinh.kma@gmail.com: API heartbeat OK (auth=200, ack=200, credits=401)
19:42:39 [DEBUG] [WS    ] [ExtensionBridge] Headers update for levanlinh.kma@gmail.com: ['x-browser-channel', 'x-browser-year', 'x-browser-validation', 'x-browser-copyright', 'x-client-data']
19:42:39 [DEBUG] [RECAP ] [ExtensionBridge] Bearer token stored for levanlinh.kma@gmail.com (424 chars)
19:42:39 [INFO ] [WS    ] [ExtensionBridge] Headers updated for levanlinh.kma@gmail.com: ['x-browser-channel', 'x-browser-year', 'x-browser-validation', 'x-browser-copyright', 'x-client-data']
19:43:22 [DEBUG] [RECAP ] [ExtensionBridge] 🔥 reCAPTCHA warm for levanlinh.kma@gmail.com
19:43:46 [DEBUG] [WS    ] [ExtensionBridge] Headers update for levanlinh.kma@gmail.com: ['x-browser-channel', 'x-browser-year', 'x-browser-validation', 'x-browser-copyright', 'x-client-data']
19:43:46 [DEBUG] [RECAP ] [ExtensionBridge] Bearer token stored for levanlinh.kma@gmail.com (424 chars)
19:43:46 [INFO ] [WS    ] [ExtensionBridge] Headers updated for levanlinh.kma@gmail.com: ['x-browser-channel', 'x-browser-year', 'x-browser-validation', 'x-browser-copyright', 'x-client-data']
19:44:22 [DEBUG] [RECAP ] [ExtensionBridge] 🔥 reCAPTCHA warm for levanlinh.kma@gmail.com
19:44:52 [INFO ] [WS    ] [TabKeepalive] levanlinh.kma@gmail.com: API heartbeat OK (auth=200, ack=200, credits=401)
19:44:56 [DEBUG] [WS    ] [ExtensionBridge] Headers update for levanlinh.kma@gmail.com: ['x-browser-channel', 'x-browser-year', 'x-browser-validation', 'x-browser-copyright', 'x-client-data']
19:44:56 [DEBUG] [RECAP ] [ExtensionBridge] Bearer token stored for levanlinh.kma@gmail.com (424 chars)
19:44:56 [INFO ] [WS    ] [ExtensionBridge] Headers updated for levanlinh.kma@gmail.com: ['x-browser-channel', 'x-browser-year', 'x-browser-validation', 'x-browser-copyright', 'x-client-data']
19:45:22 [DEBUG] [RECAP ] [ExtensionBridge] 🔥 reCAPTCHA warm for levanlinh.kma@gmail.com
19:46:22 [DEBUG] [RECAP ] [ExtensionBridge] 🔥 reCAPTCHA warm for levanlinh.kma@gmail.com
19:46:46 [DEBUG] [WS    ] [ExtensionBridge] Headers update for levanlinh.kma@gmail.com: ['x-browser-channel', 'x-browser-year', 'x-browser-validation', 'x-browser-copyright', 'x-client-data']
19:46:46 [DEBUG] [RECAP ] [ExtensionBridge] Bearer token stored for levanlinh.kma@gmail.com (424 chars)
19:46:46 [INFO ] [WS    ] [ExtensionBridge] Headers updated for levanlinh.kma@gmail.com: ['x-browser-channel', 'x-browser-year', 'x-browser-validation', 'x-browser-copyright', 'x-client-data']
19:46:58 [INFO ] [WS    ] [TabKeepalive] levanlinh.kma@gmail.com: API heartbeat OK (auth=200, ack=200, credits=401)
19:47:02 [DEBUG] [WS    ] [ExtensionBridge] Headers update for levanlinh.kma@gmail.com: ['x-browser-channel', 'x-browser-year', 'x-browser-validation', 'x-browser-copyright', 'x-client-data']
19:47:02 [DEBUG] [RECAP ] [ExtensionBridge] Bearer token stored for levanlinh.kma@gmail.com (424 chars)
19:47:02 [INFO ] [WS    ] [ExtensionBridge] Headers updated for levanlinh.kma@gmail.com: ['x-browser-channel', 'x-browser-year', 'x-browser-validation', 'x-browser-copyright', 'x-client-data']
19:47:22 [DEBUG] [RECAP ] [ExtensionBridge] 🔥 reCAPTCHA warm for levanlinh.kma@gmail.com
19:48:22 [DEBUG] [RECAP ] [ExtensionBridge] 🔥 reCAPTCHA warm for levanlinh.kma@gmail.com
19:48:53 [INFO ] [WS    ] [TabKeepalive] levanlinh.kma@gmail.com: API heartbeat OK (auth=200, ack=200, credits=401)
19:48:57 [DEBUG] [WS    ] [ExtensionBridge] Headers update for levanlinh.kma@gmail.com: ['x-browser-channel', 'x-browser-year', 'x-browser-validation', 'x-browser-copyright', 'x-client-data']
19:48:57 [DEBUG] [RECAP ] [ExtensionBridge] Bearer token stored for levanlinh.kma@gmail.com (424 chars)
19:48:57 [INFO ] [WS    ] [ExtensionBridge] Headers updated for levanlinh.kma@gmail.com: ['x-browser-channel', 'x-browser-year', 'x-browser-validation', 'x-browser-copyright', 'x-client-data']
19:49:22 [DEBUG] [RECAP ] [ExtensionBridge] 🔥 reCAPTCHA warm for levanlinh.kma@gmail.com
19:49:46 [DEBUG] [WS    ] [ExtensionBridge] Headers update for levanlinh.kma@gmail.com: ['x-browser-channel', 'x-browser-year', 'x-browser-validation', 'x-browser-copyright', 'x-client-data']
19:49:46 [DEBUG] [RECAP ] [ExtensionBridge] Bearer token stored for levanlinh.kma@gmail.com (424 chars)
19:49:46 [INFO ] [WS    ] [ExtensionBridge] Headers updated for levanlinh.kma@gmail.com: ['x-browser-channel', 'x-browser-year', 'x-browser-validation', 'x-browser-copyright', 'x-client-data']
19:50:22 [DEBUG] [RECAP ] [ExtensionBridge] 🔥 reCAPTCHA warm for levanlinh.kma@gmail.com
19:50:56 [INFO ] [WS    ] [TabKeepalive] levanlinh.kma@gmail.com: API heartbeat OK (auth=200, ack=200, credits=401)
19:51:00 [DEBUG] [WS    ] [ExtensionBridge] Headers update for levanlinh.kma@gmail.com: ['x-browser-channel', 'x-browser-year', 'x-browser-validation', 'x-browser-copyright', 'x-client-data']
19:51:00 [DEBUG] [RECAP ] [ExtensionBridge] Bearer token stored for levanlinh.kma@gmail.com (424 chars)
19:51:00 [INFO ] [WS    ] [ExtensionBridge] Headers updated for levanlinh.kma@gmail.com: ['x-browser-channel', 'x-browser-year', 'x-browser-validation', 'x-browser-copyright', 'x-client-data']
19:51:22 [DEBUG] [RECAP ] [ExtensionBridge] 🔥 reCAPTCHA warm for levanlinh.kma@gmail.com
19:52:22 [DEBUG] [RECAP ] [ExtensionBridge] 🔥 reCAPTCHA warm for levanlinh.kma@gmail.com
19:52:46 [DEBUG] [WS    ] [ExtensionBridge] Headers update for levanlinh.kma@gmail.com: ['x-browser-channel', 'x-browser-year', 'x-browser-validation', 'x-browser-copyright', 'x-client-data']
19:52:46 [DEBUG] [RECAP ] [ExtensionBridge] Bearer token stored for levanlinh.kma@gmail.com (424 chars)
19:52:46 [INFO ] [WS    ] [ExtensionBridge] Headers updated for levanlinh.kma@gmail.com: ['x-browser-channel', 'x-browser-year', 'x-browser-validation', 'x-browser-copyright', 'x-client-data']
19:52:54 [INFO ] [WS    ] [TabKeepalive] levanlinh.kma@gmail.com: API heartbeat OK (auth=200, ack=200, credits=401)
19:52:58 [DEBUG] [WS    ] [ExtensionBridge] Headers update for levanlinh.kma@gmail.com: ['x-browser-channel', 'x-browser-year', 'x-browser-validation', 'x-browser-copyright', 'x-client-data']
19:52:58 [DEBUG] [RECAP ] [ExtensionBridge] Bearer token stored for levanlinh.kma@gmail.com (424 chars)
19:52:58 [INFO ] [WS    ] [ExtensionBridge] Headers updated for levanlinh.kma@gmail.com: ['x-browser-channel', 'x-browser-year', 'x-browser-validation', 'x-browser-copyright', 'x-client-data']
19:53:22 [DEBUG] [RECAP ] [ExtensionBridge] 🔥 reCAPTCHA warm for levanlinh.kma@gmail.com
19:54:22 [DEBUG] [RECAP ] [ExtensionBridge] 🔥 reCAPTCHA warm for levanlinh.kma@gmail.com
19:55:09 [INFO ] [WS    ] [TabKeepalive] levanlinh.kma@gmail.com: API heartbeat OK (auth=200, ack=200, credits=401)
19:55:13 [DEBUG] [WS    ] [ExtensionBridge] Headers update for levanlinh.kma@gmail.com: ['x-browser-channel', 'x-browser-year', 'x-browser-validation', 'x-browser-copyright', 'x-client-data']
19:55:13 [DEBUG] [RECAP ] [ExtensionBridge] Bearer token stored for levanlinh.kma@gmail.com (424 chars)
19:55:13 [INFO ] [WS    ] [ExtensionBridge] Headers updated for levanlinh.kma@gmail.com: ['x-browser-channel', 'x-browser-year', 'x-browser-validation', 'x-browser-copyright', 'x-client-data']
19:55:22 [DEBUG] [RECAP ] [ExtensionBridge] 🔥 reCAPTCHA warm for levanlinh.kma@gmail.com
19:55:46 [DEBUG] [WS    ] [ExtensionBridge] Headers update for levanlinh.kma@gmail.com: ['x-browser-channel', 'x-browser-year', 'x-browser-validation', 'x-browser-copyright', 'x-client-data']
19:55:46 [DEBUG] [RECAP ] [ExtensionBridge] Bearer token stored for levanlinh.kma@gmail.com (424 chars)
19:55:46 [INFO ] [WS    ] [ExtensionBridge] Headers updated for levanlinh.kma@gmail.com: ['x-browser-channel', 'x-browser-year', 'x-browser-validation', 'x-browser-copyright', 'x-client-data']
19:56:22 [DEBUG] [RECAP ] [ExtensionBridge] 🔥 reCAPTCHA warm for levanlinh.kma@gmail.com
19:57:12 [INFO ] [WS    ] [TabKeepalive] levanlinh.kma@gmail.com: API heartbeat OK (auth=200, ack=200, credits=401)
19:57:16 [DEBUG] [WS    ] [ExtensionBridge] Headers update for levanlinh.kma@gmail.com: ['x-browser-channel', 'x-browser-year', 'x-browser-validation', 'x-browser-copyright', 'x-client-data']
19:57:16 [DEBUG] [RECAP ] [ExtensionBridge] Bearer token stored for levanlinh.kma@gmail.com (424 chars)
19:57:16 [INFO ] [WS    ] [ExtensionBridge] Headers updated for levanlinh.kma@gmail.com: ['x-browser-channel', 'x-browser-year', 'x-browser-validation', 'x-browser-copyright', 'x-client-data']
19:57:22 [DEBUG] [RECAP ] [ExtensionBridge] 🔥 reCAPTCHA warm for levanlinh.kma@gmail.com
19:58:22 [DEBUG] [RECAP ] [ExtensionBridge] 🔥 reCAPTCHA warm for levanlinh.kma@gmail.com
19:58:33 [DEBUG] [WS    ] [ExtensionBridge] Preserved 5 headers for levanlinh.kma@gmail.com on disconnect
19:58:33 [INFO ] [WS    ] [ExtensionBridge] 📧 Extension disconnected: levanlinh.kma@gmail.com
20:22:17 [INFO ] [WS    ] [ExtensionBridge] 📧 Extension registered: levanlinh.kma@gmail.com (v2.3.0)
20:22:20 [DEBUG] [WS    ] [ExtensionBridge] Using preserved headers for levanlinh.kma@gmail.com (extension disconnected)
20:22:20 [INFO ] [WS    ] [ExtensionBridge] 🔄 Frozen counter reset for levanlinh.kma@gmail.com (was 3)
20:22:20 [INFO ] [WS    ] [ExtensionBridge] Extension connected for levanlinh.kma@gmail.com
20:22:20 [INFO ] [RECAP ] [ProactiveWarmup] levanlinh.kma@gmail.com: waiting 10s for reCAPTCHA widget...
20:22:22 [DEBUG] [WS    ] [ExtensionBridge] Headers update for levanlinh.kma@gmail.com: ['x-browser-channel', 'x-browser-year', 'x-browser-validation', 'x-browser-copyright', 'x-client-data']
20:22:22 [DEBUG] [RECAP ] [ExtensionBridge] Bearer token stored for levanlinh.kma@gmail.com (424 chars)
20:22:22 [INFO ] [WS    ] [ExtensionBridge] Headers updated for levanlinh.kma@gmail.com: ['x-browser-channel', 'x-browser-year', 'x-browser-validation', 'x-browser-copyright', 'x-client-data']
20:22:22 [INFO ] [WS    ] [ExtensionBridge] 🔄 Refresh [lightweight] for levanlinh.kma@gmail.com — content heartbeat missing 1441s
20:22:30 [WARNING] [ENGINE] [ExtBridge] ⏱️ SLOW response: refresh_headers for levanlinh.kma@gmail.com took 10.0s (requestId=fac6f9ef)
20:22:30 [INFO ] [WS    ] [ExtensionBridge] ✅ Startup headers refreshed for levanlinh.kma@gmail.com
20:22:30 [INFO ] [RECAP ] [ExtensionBridge] ⏳ grecaptcha NOT ready for levanlinh.kma@gmail.com: loaded=? enterprise=? execute=? page=? tokenLen=0 error=No tab found for levanlinh.kma@gmail.com
20:22:30 [WARNING] [RECAP ] [ProactiveWarmup] levanlinh.kma@gmail.com: ⚠️ reCAPTCHA not ready yet — will retry on next readiness check
20:22:30 [INFO ] [WS    ] [ExtBridge] ⏱️ Response: simulate_activity for levanlinh.kma@gmail.com took 3.0s
20:22:32 [DEBUG] [WS    ] [ExtensionBridge] Lightweight refresh timed out for levanlinh.kma@gmail.com
20:22:32 [WARNING] [ENGINE] [ExtBridge] ⏱️ SLOW response: refresh_headers_lightweight for levanlinh.kma@gmail.com took 10.0s (requestId=2568bdab)
20:22:40 [INFO ] [RECAP ] [ExtensionBridge] ⏳ grecaptcha NOT ready for levanlinh.kma@gmail.com: loaded=? enterprise=? execute=? page=? tokenLen=0 error=No tab found for levanlinh.kma@gmail.com
20:22:40 [WARNING] [RECAP ] [ProactiveWarmup] levanlinh.kma@gmail.com: ❌ reCAPTCHA still not ready after retry
20:22:56 [INFO ] [WS    ] [ExtBridge] ⏱️ Response: simulate_activity for levanlinh.kma@gmail.com took 3.0s
20:23:03 [INFO ] [WS    ] [ExtBridge] ⏱️ Response: simulate_activity for levanlinh.kma@gmail.com took 3.0s
20:23:07 [WARNING] [WS    ] [ExtensionBridge] ⚠️ Zombie connection: ['levanlinh.kma@gmail.com'] (no activity 47s)
20:23:07 [DEBUG] [WS    ] [ExtensionBridge] Preserved 5 headers for levanlinh.kma@gmail.com on disconnect
20:23:07 [INFO ] [WS    ] [ExtensionBridge] 📧 Extension disconnected: levanlinh.kma@gmail.com
20:23:07 [INFO ] [ENGINE] [AutoAssign] 📧 Late-assign email: levanlinh.kma@gmail.com
20:23:07 [INFO ] [WS    ] [ExtensionBridge] 📧 Assigned email to extension: levanlinh.kma@gmail.com
20:23:07 [INFO ] [WS    ] [ExtensionBridge] Extension connected for levanlinh.kma@gmail.com
20:23:07 [INFO ] [RECAP ] [ProactiveWarmup] levanlinh.kma@gmail.com: waiting 10s for reCAPTCHA widget...
20:23:08 [DEBUG] [WS    ] [ExtensionBridge] Using preserved headers for levanlinh.kma@gmail.com (extension disconnected)
20:23:09 [INFO ] [WS    ] [ExtBridge] ⏱️ Response: simulate_activity for levanlinh.kma@gmail.com took 3.0s
20:23:09 [DEBUG] [WS    ] [TabKeepalive] levanlinh.kma@gmail.com: API heartbeat skipped (no browser page)
20:23:12 [DEBUG] [WS    ] [ExtensionBridge] Using preserved headers for levanlinh.kma@gmail.com (extension disconnected)
20:23:15 [INFO ] [WS    ] [ExtensionBridge] 📧 Extension registered: levanlinh.kma@gmail.com (v2.3.0)
20:23:15 [INFO ] [WS    ] [ExtensionBridge] Extension connected for levanlinh.kma@gmail.com
20:23:15 [DEBUG] [WS    ] [ProactiveWarmup] levanlinh.kma@gmail.com: already in progress, skipping duplicate
20:23:15 [WARNING] [ENGINE] [ExtBridge] ⏱️ SLOW response: refresh_headers for levanlinh.kma@gmail.com took 8.0s (requestId=b2de0d57)
20:23:15 [INFO ] [WS    ] [ExtensionBridge] ✅ Startup headers refreshed for levanlinh.kma@gmail.com
20:23:15 [INFO ] [WS    ] [ExtensionBridge] 🔑 Unsolicited access token for levanlinh.kma@gmail.com
20:23:15 [INFO ] [WS    ] [ExtensionBridge] Headers updated for levanlinh.kma@gmail.com: []
20:23:15 [INFO ] [WS    ] [ExtensionBridge] ✅ Startup headers refreshed for levanlinh.kma@gmail.com
20:23:16 [INFO ] [WS    ] [ExtensionBridge] ✅ x-browser-validation captured for levanlinh.kma@gmail.com
20:23:16 [INFO ] [WS    ] [ExtensionBridge] ✅ x-browser-validation captured for levanlinh.kma@gmail.com
20:23:16 [INFO ] [WS    ] [ExtensionBridge] ✅ Startup access token set for levanlinh.kma@gmail.com
20:23:16 [INFO ] [WS    ] [ExtensionBridge] ✅ x-browser-validation captured for levanlinh.kma@gmail.com
20:23:16 [INFO ] [WS    ] [ExtensionBridge] ✅ x-browser-validation captured for levanlinh.kma@gmail.com
20:23:16 [INFO ] [WS    ] [ExtensionBridge] ✅ Startup access token set for levanlinh.kma@gmail.com
20:23:18 [INFO ] [RECAP ] [ExtensionBridge] ✅ grecaptcha ready for levanlinh.kma@gmail.com (trial token: 2148 chars)
20:23:18 [DEBUG] [RECAP ] [ReadinessToken] Cached trial token for levanlinh.kma@gmail.com (2148 chars) → AM + Pool
20:23:18 [DEBUG] [RECAP ] [ExtensionBridge] Cached readiness-check token for levanlinh.kma@gmail.com (2148 chars)
20:23:18 [INFO ] [RECAP ] [ProactiveWarmup] levanlinh.kma@gmail.com: ✅ reCAPTCHA pre-warmed — token cached, ready for instant Start All
20:23:18 [DEBUG] [RECAP ] [ExtensionBridge] 🔥 reCAPTCHA warm for levanlinh.kma@gmail.com
20:23:19 [DEBUG] [WS    ] [ExtensionBridge] Headers update for levanlinh.kma@gmail.com: ['x-browser-channel', 'x-browser-year', 'x-browser-validation', 'x-browser-copyright', 'x-client-data']
20:23:19 [DEBUG] [RECAP ] [ExtensionBridge] Bearer token stored for levanlinh.kma@gmail.com (424 chars)
20:23:19 [INFO ] [WS    ] [ExtensionBridge] Headers updated for levanlinh.kma@gmail.com: ['x-browser-channel', 'x-browser-year', 'x-browser-validation', 'x-browser-copyright', 'x-client-data']
20:23:22 [WARNING] [WS    ] [ExtensionBridge] ⚠️ Zombie connection: ['levanlinh.kma@gmail.com'] (no activity 60s)
20:23:22 [INFO ] [WS    ] [ExtensionBridge] 📧 Extension disconnected: levanlinh.kma@gmail.com
20:23:25 [INFO ] [WS    ] [ExtensionBridge] 📧 Extension registered: levanlinh.kma@gmail.com (v2.3.0)
20:23:25 [INFO ] [WS    ] [ExtensionBridge] Extension connected for levanlinh.kma@gmail.com
20:23:25 [INFO ] [RECAP ] [ProactiveWarmup] levanlinh.kma@gmail.com: waiting 10s for reCAPTCHA widget...
20:23:25 [INFO ] [WS    ] [ExtensionBridge] 🔑 Unsolicited access token for levanlinh.kma@gmail.com
20:23:25 [INFO ] [WS    ] [ExtensionBridge] Headers updated for levanlinh.kma@gmail.com: []
20:23:25 [INFO ] [WS    ] [ExtensionBridge] ✅ Startup headers refreshed for levanlinh.kma@gmail.com
20:23:26 [INFO ] [WS    ] [ExtensionBridge] ✅ x-browser-validation captured for levanlinh.kma@gmail.com
20:23:26 [INFO ] [WS    ] [ExtensionBridge] ✅ x-browser-validation captured for levanlinh.kma@gmail.com
20:23:26 [INFO ] [WS    ] [ExtensionBridge] ✅ Startup access token set for levanlinh.kma@gmail.com
20:23:29 [DEBUG] [WS    ] [ExtensionBridge] Headers update for levanlinh.kma@gmail.com: ['x-browser-channel', 'x-browser-year', 'x-browser-validation', 'x-browser-copyright', 'x-client-data']
20:23:29 [DEBUG] [RECAP ] [ExtensionBridge] Bearer token stored for levanlinh.kma@gmail.com (424 chars)
20:23:29 [INFO ] [WS    ] [ExtensionBridge] Headers updated for levanlinh.kma@gmail.com: ['x-browser-channel', 'x-browser-year', 'x-browser-validation', 'x-browser-copyright', 'x-client-data']
20:23:36 [INFO ] [RECAP ] [ExtensionBridge] ✅ grecaptcha ready for levanlinh.kma@gmail.com (trial token: 2148 chars)
20:23:36 [DEBUG] [RECAP ] [ReadinessToken] Cached trial token for levanlinh.kma@gmail.com (2148 chars) → AM + Pool
20:23:36 [DEBUG] [RECAP ] [ExtensionBridge] Cached readiness-check token for levanlinh.kma@gmail.com (2148 chars)
20:23:36 [INFO ] [RECAP ] [ProactiveWarmup] levanlinh.kma@gmail.com: ✅ reCAPTCHA pre-warmed — token cached, ready for instant Start All
20:23:57 [INFO ] [WS    ] [ExtensionBridge] 📧 Extension registered: levanlinh.kma@gmail.com (v2.3.0)
20:23:57 [INFO ] [WS    ] [ExtensionBridge] Extension connected for levanlinh.kma@gmail.com
20:23:57 [INFO ] [RECAP ] [ProactiveWarmup] levanlinh.kma@gmail.com: waiting 10s for reCAPTCHA widget...
20:23:57 [INFO ] [WS    ] [ExtensionBridge] 🔑 Unsolicited access token for levanlinh.kma@gmail.com
20:23:57 [INFO ] [WS    ] [ExtensionBridge] Headers updated for levanlinh.kma@gmail.com: []
20:23:57 [INFO ] [WS    ] [ExtensionBridge] ✅ Startup headers refreshed for levanlinh.kma@gmail.com
20:23:58 [INFO ] [WS    ] [ExtensionBridge] ✅ x-browser-validation captured for levanlinh.kma@gmail.com
20:23:58 [INFO ] [WS    ] [ExtensionBridge] ✅ x-browser-validation captured for levanlinh.kma@gmail.com
20:24:00 [DEBUG] [WS    ] [ExtensionBridge] Headers update for levanlinh.kma@gmail.com: ['x-browser-channel', 'x-browser-year', 'x-browser-validation', 'x-browser-copyright', 'x-client-data']
20:24:00 [DEBUG] [RECAP ] [ExtensionBridge] Bearer token stored for levanlinh.kma@gmail.com (424 chars)
20:24:00 [INFO ] [WS    ] [ExtensionBridge] Headers updated for levanlinh.kma@gmail.com: ['x-browser-channel', 'x-browser-year', 'x-browser-validation', 'x-browser-copyright', 'x-client-data']
20:24:02 [DEBUG] [WS    ] [ExtensionBridge] Headers update for levanlinh.kma@gmail.com: ['x-browser-channel', 'x-browser-year', 'x-browser-validation', 'x-browser-copyright', 'x-client-data']
20:24:02 [DEBUG] [RECAP ] [ExtensionBridge] Bearer token stored for levanlinh.kma@gmail.com (424 chars)
20:24:02 [INFO ] [WS    ] [ExtensionBridge] Headers updated for levanlinh.kma@gmail.com: ['x-browser-channel', 'x-browser-year', 'x-browser-validation', 'x-browser-copyright', 'x-client-data']
20:24:07 [WARNING] [WS    ] [ExtensionBridge] ⚠️ Zombie connection: ['levanlinh.kma@gmail.com'] (no activity 45s)
20:24:07 [DEBUG] [WS    ] [ExtensionBridge] Preserved 5 headers for levanlinh.kma@gmail.com on disconnect
20:24:07 [INFO ] [WS    ] [ExtensionBridge] 📧 Extension disconnected: levanlinh.kma@gmail.com
20:24:12 [DEBUG] [RECAP ] [ExtensionBridge] 🔥 reCAPTCHA warm for levanlinh.kma@gmail.com
20:24:12 [INFO ] [WS    ] [ExtensionBridge] 📧 Extension registered: levanlinh.kma@gmail.com (v2.3.0)
20:24:12 [INFO ] [WS    ] [ExtensionBridge] Extension connected for levanlinh.kma@gmail.com
20:24:13 [INFO ] [RECAP ] [ExtensionBridge] ✅ grecaptcha ready for levanlinh.kma@gmail.com (trial token: 2148 chars)
20:24:13 [DEBUG] [RECAP ] [ReadinessToken] Cached trial token for levanlinh.kma@gmail.com (2148 chars) → AM + Pool
20:24:13 [DEBUG] [RECAP ] [ExtensionBridge] Cached readiness-check token for levanlinh.kma@gmail.com (2148 chars)
20:24:13 [WARNING] [RECAP ] [ExtBridge] ⏱️ SLOW response: check_recaptcha_ready for levanlinh.kma@gmail.com took 5.1s (requestId=3960971b)
20:24:13 [INFO ] [RECAP ] [ProactiveWarmup] levanlinh.kma@gmail.com: ✅ reCAPTCHA pre-warmed — token cached, ready for instant Start All
20:24:13 [INFO ] [RECAP ] [ProactiveWarmup] levanlinh.kma@gmail.com: waiting 10s for reCAPTCHA widget...
20:24:13 [INFO ] [WS    ] [ExtensionBridge] 🔑 Unsolicited access token for levanlinh.kma@gmail.com
20:24:13 [INFO ] [WS    ] [ExtensionBridge] Headers updated for levanlinh.kma@gmail.com: []
20:24:13 [INFO ] [WS    ] [ExtensionBridge] ✅ Startup headers refreshed for levanlinh.kma@gmail.com
20:24:13 [INFO ] [WS    ] [ExtensionBridge] ✅ x-browser-validation captured for levanlinh.kma@gmail.com
20:24:13 [INFO ] [WS    ] [ExtensionBridge] ✅ x-browser-validation captured for levanlinh.kma@gmail.com
20:24:13 [INFO ] [WS    ] [ExtensionBridge] ✅ Startup access token set for levanlinh.kma@gmail.com
20:24:17 [DEBUG] [WS    ] [ExtensionBridge] Headers update for levanlinh.kma@gmail.com: ['x-browser-channel', 'x-browser-year', 'x-browser-validation', 'x-browser-copyright', 'x-client-data']
20:24:17 [DEBUG] [RECAP ] [ExtensionBridge] Bearer token stored for levanlinh.kma@gmail.com (424 chars)
20:24:17 [INFO ] [WS    ] [ExtensionBridge] Headers updated for levanlinh.kma@gmail.com: ['x-browser-channel', 'x-browser-year', 'x-browser-validation', 'x-browser-copyright', 'x-client-data']
20:24:23 [INFO ] [RECAP ] [ExtensionBridge] ✅ grecaptcha ready for levanlinh.kma@gmail.com (trial token: 2190 chars)
20:24:23 [DEBUG] [RECAP ] [ReadinessToken] Cached trial token for levanlinh.kma@gmail.com (2190 chars) → AM + Pool
20:24:23 [DEBUG] [RECAP ] [ExtensionBridge] Cached readiness-check token for levanlinh.kma@gmail.com (2190 chars)
20:24:23 [INFO ] [RECAP ] [ProactiveWarmup] levanlinh.kma@gmail.com: ✅ reCAPTCHA pre-warmed — token cached, ready for instant Start All
20:24:37 [WARNING] [WS    ] [ExtensionBridge] ⚠️ Zombie connection: ['levanlinh.kma@gmail.com'] (no activity 45s)
20:24:37 [DEBUG] [WS    ] [ExtensionBridge] Preserved 5 headers for levanlinh.kma@gmail.com on disconnect
20:24:37 [INFO ] [WS    ] [ExtensionBridge] 📧 Extension disconnected: levanlinh.kma@gmail.com
20:24:42 [INFO ] [WS    ] [ExtensionBridge] 📧 Extension registered: levanlinh.kma@gmail.com (v2.3.0)
20:24:42 [INFO ] [WS    ] [ExtensionBridge] Extension connected for levanlinh.kma@gmail.com
20:24:42 [INFO ] [RECAP ] [ProactiveWarmup] levanlinh.kma@gmail.com: waiting 10s for reCAPTCHA widget...
20:24:42 [INFO ] [WS    ] [ExtensionBridge] 🔑 Unsolicited access token for levanlinh.kma@gmail.com
20:24:42 [INFO ] [WS    ] [ExtensionBridge] Headers updated for levanlinh.kma@gmail.com: []
20:24:42 [INFO ] [WS    ] [ExtensionBridge] ✅ Startup headers refreshed for levanlinh.kma@gmail.com
20:24:43 [INFO ] [WS    ] [ExtensionBridge] ✅ x-browser-validation captured for levanlinh.kma@gmail.com
20:24:43 [INFO ] [WS    ] [ExtensionBridge] ✅ x-browser-validation captured for levanlinh.kma@gmail.com
20:24:45 [DEBUG] [WS    ] [ExtensionBridge] Headers update for levanlinh.kma@gmail.com: ['x-browser-channel', 'x-browser-year', 'x-browser-validation', 'x-browser-copyright', 'x-client-data']
20:24:45 [DEBUG] [RECAP ] [ExtensionBridge] Bearer token stored for levanlinh.kma@gmail.com (424 chars)
20:24:45 [INFO ] [WS    ] [ExtensionBridge] Headers updated for levanlinh.kma@gmail.com: ['x-browser-channel', 'x-browser-year', 'x-browser-validation', 'x-browser-copyright', 'x-client-data']
20:24:47 [DEBUG] [WS    ] [ExtensionBridge] Headers update for levanlinh.kma@gmail.com: ['x-browser-channel', 'x-browser-year', 'x-browser-validation', 'x-browser-copyright', 'x-client-data']
20:24:47 [DEBUG] [RECAP ] [ExtensionBridge] Bearer token stored for levanlinh.kma@gmail.com (424 chars)
20:24:47 [INFO ] [WS    ] [ExtensionBridge] Headers updated for levanlinh.kma@gmail.com: ['x-browser-channel', 'x-browser-year', 'x-browser-validation', 'x-browser-copyright', 'x-client-data']
20:24:52 [WARNING] [WS    ] [ExtensionBridge] ⚠️ Zombie connection: ['levanlinh.kma@gmail.com'] (no activity 45s)
20:24:52 [DEBUG] [WS    ] [ExtensionBridge] Preserved 5 headers for levanlinh.kma@gmail.com on disconnect
20:24:52 [INFO ] [WS    ] [ExtensionBridge] 📧 Extension disconnected: levanlinh.kma@gmail.com
20:24:57 [DEBUG] [RECAP ] [ExtensionBridge] 🔥 reCAPTCHA warm for levanlinh.kma@gmail.com
20:24:57 [INFO ] [RECAP ] [ExtensionBridge] ✅ grecaptcha ready for levanlinh.kma@gmail.com (trial token: 2190 chars)
20:24:57 [DEBUG] [RECAP ] [ReadinessToken] Cached trial token for levanlinh.kma@gmail.com (2190 chars) → AM + Pool
20:24:57 [DEBUG] [RECAP ] [ExtensionBridge] Cached readiness-check token for levanlinh.kma@gmail.com (2190 chars)
20:24:57 [INFO ] [RECAP ] [ExtBridge] ⏱️ Response: check_recaptcha_ready for levanlinh.kma@gmail.com took 5.0s
20:24:57 [INFO ] [RECAP ] [ProactiveWarmup] levanlinh.kma@gmail.com: ✅ reCAPTCHA pre-warmed — token cached, ready for instant Start All
20:24:57 [INFO ] [WS    ] [ExtensionBridge] 📧 Extension registered: levanlinh.kma@gmail.com (v2.3.0)
20:24:57 [INFO ] [WS    ] [ExtensionBridge] Extension connected for levanlinh.kma@gmail.com
20:24:58 [INFO ] [RECAP ] [ProactiveWarmup] levanlinh.kma@gmail.com: waiting 10s for reCAPTCHA widget...
20:24:58 [INFO ] [WS    ] [ExtensionBridge] 🔑 Unsolicited access token for levanlinh.kma@gmail.com
20:24:58 [INFO ] [WS    ] [ExtensionBridge] Headers updated for levanlinh.kma@gmail.com: []
20:24:58 [INFO ] [WS    ] [ExtensionBridge] ✅ Startup headers refreshed for levanlinh.kma@gmail.com
20:24:58 [INFO ] [WS    ] [ExtensionBridge] ✅ x-browser-validation captured for levanlinh.kma@gmail.com
20:24:58 [INFO ] [WS    ] [ExtensionBridge] ✅ x-browser-validation captured for levanlinh.kma@gmail.com
20:24:58 [INFO ] [WS    ] [ExtensionBridge] ✅ Startup access token set for levanlinh.kma@gmail.com
20:25:02 [DEBUG] [WS    ] [ExtensionBridge] Headers update for levanlinh.kma@gmail.com: ['x-browser-channel', 'x-browser-year', 'x-browser-validation', 'x-browser-copyright', 'x-client-data']
20:25:02 [DEBUG] [RECAP ] [ExtensionBridge] Bearer token stored for levanlinh.kma@gmail.com (424 chars)
20:25:02 [INFO ] [WS    ] [ExtensionBridge] Headers updated for levanlinh.kma@gmail.com: ['x-browser-channel', 'x-browser-year', 'x-browser-validation', 'x-browser-copyright', 'x-client-data']
20:25:08 [INFO ] [RECAP ] [ExtensionBridge] ✅ grecaptcha ready for levanlinh.kma@gmail.com (trial token: 2297 chars)
20:25:08 [DEBUG] [RECAP ] [ReadinessToken] Cached trial token for levanlinh.kma@gmail.com (2297 chars) → AM + Pool
20:25:08 [DEBUG] [RECAP ] [ExtensionBridge] Cached readiness-check token for levanlinh.kma@gmail.com (2297 chars)
20:25:08 [INFO ] [RECAP ] [ProactiveWarmup] levanlinh.kma@gmail.com: ✅ reCAPTCHA pre-warmed — token cached, ready for instant Start All
20:25:22 [WARNING] [WS    ] [ExtensionBridge] ⚠️ Zombie connection: ['levanlinh.kma@gmail.com'] (no activity 55s)
20:25:22 [DEBUG] [WS    ] [ExtensionBridge] Preserved 5 headers for levanlinh.kma@gmail.com on disconnect
20:25:22 [INFO ] [WS    ] [ExtensionBridge] 📧 Extension disconnected: levanlinh.kma@gmail.com
20:25:27 [INFO ] [WS    ] [ExtBridge] ⏱️ Response: simulate_activity for levanlinh.kma@gmail.com took 3.0s
20:25:27 [DEBUG] [WS    ] [TabKeepalive] levanlinh.kma@gmail.com: API heartbeat skipped (no browser page)
20:25:27 [INFO ] [WS    ] [ExtensionBridge] 📧 Extension registered: levanlinh.kma@gmail.com (v2.3.0)
20:25:27 [INFO ] [WS    ] [ExtensionBridge] Extension connected for levanlinh.kma@gmail.com
20:25:28 [INFO ] [RECAP ] [ProactiveWarmup] levanlinh.kma@gmail.com: waiting 10s for reCAPTCHA widget...
20:25:28 [INFO ] [WS    ] [ExtensionBridge] 🔑 Unsolicited access token for levanlinh.kma@gmail.com
20:25:28 [INFO ] [WS    ] [ExtensionBridge] Headers updated for levanlinh.kma@gmail.com: []
20:25:28 [INFO ] [WS    ] [ExtensionBridge] ✅ Startup headers refreshed for levanlinh.kma@gmail.com
20:25:28 [INFO ] [WS    ] [ExtensionBridge] ✅ x-browser-validation captured for levanlinh.kma@gmail.com
20:25:28 [INFO ] [WS    ] [ExtensionBridge] ✅ x-browser-validation captured for levanlinh.kma@gmail.com
20:25:30 [DEBUG] [WS    ] [ExtensionBridge] Headers update for levanlinh.kma@gmail.com: ['x-browser-channel', 'x-browser-year', 'x-browser-validation', 'x-browser-copyright', 'x-client-data']
20:25:30 [DEBUG] [RECAP ] [ExtensionBridge] Bearer token stored for levanlinh.kma@gmail.com (424 chars)
20:25:30 [INFO ] [WS    ] [ExtensionBridge] Headers updated for levanlinh.kma@gmail.com: ['x-browser-channel', 'x-browser-year', 'x-browser-validation', 'x-browser-copyright', 'x-client-data']
20:25:32 [DEBUG] [WS    ] [ExtensionBridge] Headers update for levanlinh.kma@gmail.com: ['x-browser-channel', 'x-browser-year', 'x-browser-validation', 'x-browser-copyright', 'x-client-data']
20:25:32 [DEBUG] [RECAP ] [ExtensionBridge] Bearer token stored for levanlinh.kma@gmail.com (424 chars)
20:25:32 [INFO ] [WS    ] [ExtensionBridge] Headers updated for levanlinh.kma@gmail.com: ['x-browser-channel', 'x-browser-year', 'x-browser-validation', 'x-browser-copyright', 'x-client-data']
20:25:37 [WARNING] [WS    ] [ExtensionBridge] ⚠️ Zombie connection: ['levanlinh.kma@gmail.com'] (no activity 45s)
20:25:37 [DEBUG] [WS    ] [ExtensionBridge] Preserved 5 headers for levanlinh.kma@gmail.com on disconnect
20:25:37 [INFO ] [WS    ] [ExtensionBridge] 📧 Extension disconnected: levanlinh.kma@gmail.com
20:25:42 [INFO ] [RECAP ] [ExtensionBridge] ✅ grecaptcha ready for levanlinh.kma@gmail.com (trial token: 2212 chars)
20:25:42 [DEBUG] [RECAP ] [ReadinessToken] Cached trial token for levanlinh.kma@gmail.com (2212 chars) → AM + Pool
20:25:42 [DEBUG] [RECAP ] [ExtensionBridge] Cached readiness-check token for levanlinh.kma@gmail.com (2212 chars)
20:25:42 [INFO ] [RECAP ] [ExtBridge] ⏱️ Response: check_recaptcha_ready for levanlinh.kma@gmail.com took 5.0s
20:25:42 [INFO ] [RECAP ] [ProactiveWarmup] levanlinh.kma@gmail.com: ✅ reCAPTCHA pre-warmed — token cached, ready for instant Start All
20:25:42 [DEBUG] [RECAP ] [ExtensionBridge] 🔥 reCAPTCHA warm for levanlinh.kma@gmail.com
20:25:42 [INFO ] [WS    ] [ExtensionBridge] 📧 Extension registered: levanlinh.kma@gmail.com (v2.3.0)
20:25:43 [INFO ] [WS    ] [ExtensionBridge] Extension connected for levanlinh.kma@gmail.com
20:25:43 [INFO ] [RECAP ] [ProactiveWarmup] levanlinh.kma@gmail.com: waiting 10s for reCAPTCHA widget...
20:25:43 [INFO ] [WS    ] [ExtensionBridge] 🔑 Unsolicited access token for levanlinh.kma@gmail.com
20:25:43 [INFO ] [WS    ] [ExtensionBridge] Headers updated for levanlinh.kma@gmail.com: []
20:25:43 [INFO ] [WS    ] [ExtensionBridge] ✅ Startup headers refreshed for levanlinh.kma@gmail.com
20:25:43 [INFO ] [WS    ] [ExtensionBridge] ✅ x-browser-validation captured for levanlinh.kma@gmail.com
20:25:43 [INFO ] [WS    ] [ExtensionBridge] ✅ x-browser-validation captured for levanlinh.kma@gmail.com
20:25:43 [INFO ] [WS    ] [ExtensionBridge] ✅ Startup access token set for levanlinh.kma@gmail.com
20:25:47 [DEBUG] [WS    ] [ExtensionBridge] Headers update for levanlinh.kma@gmail.com: ['x-browser-channel', 'x-browser-year', 'x-browser-validation', 'x-browser-copyright', 'x-client-data']
20:25:47 [DEBUG] [RECAP ] [ExtensionBridge] Bearer token stored for levanlinh.kma@gmail.com (424 chars)
20:25:47 [INFO ] [WS    ] [ExtensionBridge] Headers updated for levanlinh.kma@gmail.com: ['x-browser-channel', 'x-browser-year', 'x-browser-validation', 'x-browser-copyright', 'x-client-data']
20:25:53 [INFO ] [RECAP ] [ExtensionBridge] ✅ grecaptcha ready for levanlinh.kma@gmail.com (trial token: 2212 chars)
20:25:53 [DEBUG] [RECAP ] [ReadinessToken] Cached trial token for levanlinh.kma@gmail.com (2212 chars) → AM + Pool
20:25:53 [DEBUG] [RECAP ] [ExtensionBridge] Cached readiness-check token for levanlinh.kma@gmail.com (2212 chars)
20:25:53 [INFO ] [RECAP ] [ProactiveWarmup] levanlinh.kma@gmail.com: ✅ reCAPTCHA pre-warmed — token cached, ready for instant Start All
20:26:07 [WARNING] [WS    ] [ExtensionBridge] ⚠️ Zombie connection: ['levanlinh.kma@gmail.com'] (no activity 49s)
20:26:07 [DEBUG] [WS    ] [ExtensionBridge] Preserved 5 headers for levanlinh.kma@gmail.com on disconnect
20:26:07 [INFO ] [WS    ] [ExtensionBridge] 📧 Extension disconnected: levanlinh.kma@gmail.com
20:26:12 [INFO ] [WS    ] [ExtensionBridge] 📧 Extension registered: levanlinh.kma@gmail.com (v2.3.0)
20:26:12 [INFO ] [WS    ] [ExtensionBridge] Extension connected for levanlinh.kma@gmail.com
20:26:13 [INFO ] [RECAP ] [ProactiveWarmup] levanlinh.kma@gmail.com: waiting 10s for reCAPTCHA widget...
20:26:13 [INFO ] [WS    ] [ExtensionBridge] 🔑 Unsolicited access token for levanlinh.kma@gmail.com
20:26:13 [INFO ] [WS    ] [ExtensionBridge] Headers updated for levanlinh.kma@gmail.com: []
20:26:13 [INFO ] [WS    ] [ExtensionBridge] ✅ Startup headers refreshed for levanlinh.kma@gmail.com
20:26:13 [INFO ] [WS    ] [ExtensionBridge] ✅ x-browser-validation captured for levanlinh.kma@gmail.com
20:26:13 [INFO ] [WS    ] [ExtensionBridge] ✅ x-browser-validation captured for levanlinh.kma@gmail.com
20:26:15 [DEBUG] [WS    ] [ExtensionBridge] Headers update for levanlinh.kma@gmail.com: ['x-browser-channel', 'x-browser-year', 'x-browser-validation', 'x-browser-copyright', 'x-client-data']
20:26:15 [DEBUG] [RECAP ] [ExtensionBridge] Bearer token stored for levanlinh.kma@gmail.com (424 chars)
20:26:15 [INFO ] [WS    ] [ExtensionBridge] Headers updated for levanlinh.kma@gmail.com: ['x-browser-channel', 'x-browser-year', 'x-browser-validation', 'x-browser-copyright', 'x-client-data']
20:26:17 [DEBUG] [WS    ] [ExtensionBridge] Headers update for levanlinh.kma@gmail.com: ['x-browser-channel', 'x-browser-year', 'x-browser-validation', 'x-browser-copyright', 'x-client-data']
20:26:17 [DEBUG] [RECAP ] [ExtensionBridge] Bearer token stored for levanlinh.kma@gmail.com (424 chars)
20:26:17 [INFO ] [WS    ] [ExtensionBridge] Headers updated for levanlinh.kma@gmail.com: ['x-browser-channel', 'x-browser-year', 'x-browser-validation', 'x-browser-copyright', 'x-client-data']
20:26:22 [WARNING] [WS    ] [ExtensionBridge] ⚠️ Zombie connection: ['levanlinh.kma@gmail.com'] (no activity 45s)
20:26:22 [DEBUG] [WS    ] [ExtensionBridge] Preserved 5 headers for levanlinh.kma@gmail.com on disconnect
20:26:22 [INFO ] [WS    ] [ExtensionBridge] 📧 Extension disconnected: levanlinh.kma@gmail.com
20:26:26 [INFO ] [WS    ] [ExtBridge] ⏱️ Response: simulate_activity for levanlinh.kma@gmail.com took 3.0s
20:26:27 [INFO ] [RECAP ] [ExtensionBridge] ✅ grecaptcha ready for levanlinh.kma@gmail.com (trial token: 2148 chars)
20:26:27 [DEBUG] [RECAP ] [ReadinessToken] Cached trial token for levanlinh.kma@gmail.com (2148 chars) → AM + Pool
20:26:27 [DEBUG] [RECAP ] [ExtensionBridge] Cached readiness-check token for levanlinh.kma@gmail.com (2148 chars)
20:26:27 [INFO ] [RECAP ] [ExtBridge] ⏱️ Response: check_recaptcha_ready for levanlinh.kma@gmail.com took 5.0s
20:26:27 [INFO ] [RECAP ] [ProactiveWarmup] levanlinh.kma@gmail.com: ✅ reCAPTCHA pre-warmed — token cached, ready for instant Start All
20:26:27 [DEBUG] [RECAP ] [ExtensionBridge] 🔥 reCAPTCHA warm for levanlinh.kma@gmail.com
20:26:27 [INFO ] [WS    ] [ExtensionBridge] 📧 Extension registered: levanlinh.kma@gmail.com (v2.3.0)
20:26:28 [INFO ] [WS    ] [ExtensionBridge] Extension connected for levanlinh.kma@gmail.com
20:26:28 [INFO ] [RECAP ] [ProactiveWarmup] levanlinh.kma@gmail.com: waiting 10s for reCAPTCHA widget...
20:26:28 [INFO ] [WS    ] [ExtensionBridge] 🔑 Unsolicited access token for levanlinh.kma@gmail.com
20:26:28 [INFO ] [WS    ] [ExtensionBridge] Headers updated for levanlinh.kma@gmail.com: []
20:26:28 [INFO ] [WS    ] [ExtensionBridge] ✅ Startup headers refreshed for levanlinh.kma@gmail.com
20:26:28 [INFO ] [WS    ] [ExtensionBridge] ✅ x-browser-validation captured for levanlinh.kma@gmail.com
20:26:28 [INFO ] [WS    ] [ExtensionBridge] ✅ x-browser-validation captured for levanlinh.kma@gmail.com
20:26:28 [INFO ] [WS    ] [ExtensionBridge] ✅ Startup access token set for levanlinh.kma@gmail.com
20:26:32 [DEBUG] [WS    ] [ExtensionBridge] Headers update for levanlinh.kma@gmail.com: ['x-browser-channel', 'x-browser-year', 'x-browser-validation', 'x-browser-copyright', 'x-client-data']
20:26:32 [DEBUG] [RECAP ] [ExtensionBridge] Bearer token stored for levanlinh.kma@gmail.com (424 chars)
20:26:32 [INFO ] [WS    ] [ExtensionBridge] Headers updated for levanlinh.kma@gmail.com: ['x-browser-channel', 'x-browser-year', 'x-browser-validation', 'x-browser-copyright', 'x-client-data']
20:26:38 [INFO ] [RECAP ] [ExtensionBridge] ✅ grecaptcha ready for levanlinh.kma@gmail.com (trial token: 2169 chars)
20:26:38 [DEBUG] [RECAP ] [ReadinessToken] Cached trial token for levanlinh.kma@gmail.com (2169 chars) → AM + Pool
20:26:38 [DEBUG] [RECAP ] [ExtensionBridge] Cached readiness-check token for levanlinh.kma@gmail.com (2169 chars)
20:26:38 [INFO ] [RECAP ] [ProactiveWarmup] levanlinh.kma@gmail.com: ✅ reCAPTCHA pre-warmed — token cached, ready for instant Start All
20:26:52 [WARNING] [WS    ] [ExtensionBridge] ⚠️ Zombie connection: ['levanlinh.kma@gmail.com'] (no activity 45s)
20:26:52 [DEBUG] [WS    ] [ExtensionBridge] Preserved 5 headers for levanlinh.kma@gmail.com on disconnect
20:26:52 [INFO ] [WS    ] [ExtensionBridge] 📧 Extension disconnected: levanlinh.kma@gmail.com
20:26:56 [INFO ] [WS    ] [ExtBridge] ⏱️ Response: simulate_activity for levanlinh.kma@gmail.com took 3.0s
20:26:57 [INFO ] [WS    ] [ExtensionBridge] 📧 Extension registered: levanlinh.kma@gmail.com (v2.3.0)
20:26:57 [INFO ] [WS    ] [ExtensionBridge] Extension connected for levanlinh.kma@gmail.com
20:26:58 [INFO ] [RECAP ] [ProactiveWarmup] levanlinh.kma@gmail.com: waiting 10s for reCAPTCHA widget...
20:26:58 [INFO ] [WS    ] [ExtensionBridge] 🔑 Unsolicited access token for levanlinh.kma@gmail.com
20:26:58 [INFO ] [WS    ] [ExtensionBridge] Headers updated for levanlinh.kma@gmail.com: []
20:26:58 [INFO ] [WS    ] [ExtensionBridge] ✅ Startup headers refreshed for levanlinh.kma@gmail.com
20:26:58 [INFO ] [WS    ] [ExtensionBridge] ✅ x-browser-validation captured for levanlinh.kma@gmail.com
20:26:58 [INFO ] [WS    ] [ExtensionBridge] ✅ x-browser-validation captured for levanlinh.kma@gmail.com
20:27:00 [DEBUG] [WS    ] [ExtensionBridge] Headers update for levanlinh.kma@gmail.com: ['x-browser-channel', 'x-browser-year', 'x-browser-validation', 'x-browser-copyright', 'x-client-data']
20:27:00 [DEBUG] [RECAP ] [ExtensionBridge] Bearer token stored for levanlinh.kma@gmail.com (424 chars)
20:27:00 [INFO ] [WS    ] [ExtensionBridge] Headers updated for levanlinh.kma@gmail.com: ['x-browser-channel', 'x-browser-year', 'x-browser-validation', 'x-browser-copyright', 'x-client-data']
20:27:02 [DEBUG] [WS    ] [ExtensionBridge] Headers update for levanlinh.kma@gmail.com: ['x-browser-channel', 'x-browser-year', 'x-browser-validation', 'x-browser-copyright', 'x-client-data']
20:27:02 [DEBUG] [RECAP ] [ExtensionBridge] Bearer token stored for levanlinh.kma@gmail.com (424 chars)
20:27:02 [INFO ] [WS    ] [ExtensionBridge] Headers updated for levanlinh.kma@gmail.com: ['x-browser-channel', 'x-browser-year', 'x-browser-validation', 'x-browser-copyright', 'x-client-data']
20:27:07 [WARNING] [WS    ] [ExtensionBridge] ⚠️ Zombie connection: ['levanlinh.kma@gmail.com'] (no activity 45s)
20:27:07 [DEBUG] [WS    ] [ExtensionBridge] Preserved 5 headers for levanlinh.kma@gmail.com on disconnect
20:27:07 [INFO ] [WS    ] [ExtensionBridge] 📧 Extension disconnected: levanlinh.kma@gmail.com
20:27:12 [INFO ] [RECAP ] [ExtensionBridge] ✅ grecaptcha ready for levanlinh.kma@gmail.com (trial token: 2148 chars)
20:27:13 [DEBUG] [RECAP ] [ReadinessToken] Cached trial token for levanlinh.kma@gmail.com (2148 chars) → AM + Pool
20:27:13 [DEBUG] [RECAP ] [ExtensionBridge] Cached readiness-check token for levanlinh.kma@gmail.com (2148 chars)
20:27:13 [INFO ] [RECAP ] [ExtBridge] ⏱️ Response: check_recaptcha_ready for levanlinh.kma@gmail.com took 5.0s
20:27:13 [INFO ] [RECAP ] [ProactiveWarmup] levanlinh.kma@gmail.com: ✅ reCAPTCHA pre-warmed — token cached, ready for instant Start All
20:27:13 [DEBUG] [RECAP ] [ExtensionBridge] 🔥 reCAPTCHA warm for levanlinh.kma@gmail.com
20:27:13 [INFO ] [WS    ] [ExtensionBridge] 📧 Extension registered: levanlinh.kma@gmail.com (v2.3.0)
20:27:13 [INFO ] [WS    ] [ExtensionBridge] Extension connected for levanlinh.kma@gmail.com
20:27:13 [INFO ] [RECAP ] [ProactiveWarmup] levanlinh.kma@gmail.com: waiting 10s for reCAPTCHA widget...
20:27:13 [INFO ] [WS    ] [ExtensionBridge] 🔑 Unsolicited access token for levanlinh.kma@gmail.com
20:27:13 [INFO ] [WS    ] [ExtensionBridge] Headers updated for levanlinh.kma@gmail.com: []
20:27:13 [INFO ] [WS    ] [ExtensionBridge] ✅ Startup headers refreshed for levanlinh.kma@gmail.com
20:27:13 [INFO ] [WS    ] [ExtensionBridge] ✅ x-browser-validation captured for levanlinh.kma@gmail.com
20:27:13 [INFO ] [WS    ] [ExtensionBridge] ✅ x-browser-validation captured for levanlinh.kma@gmail.com
20:27:13 [INFO ] [WS    ] [ExtensionBridge] ✅ Startup access token set for levanlinh.kma@gmail.com
20:27:17 [DEBUG] [WS    ] [ExtensionBridge] Headers update for levanlinh.kma@gmail.com: ['x-browser-channel', 'x-browser-year', 'x-browser-validation', 'x-browser-copyright', 'x-client-data']
20:27:17 [DEBUG] [RECAP ] [ExtensionBridge] Bearer token stored for levanlinh.kma@gmail.com (424 chars)
20:27:17 [INFO ] [WS    ] [ExtensionBridge] Headers updated for levanlinh.kma@gmail.com: ['x-browser-channel', 'x-browser-year', 'x-browser-validation', 'x-browser-copyright', 'x-client-data']
20:27:23 [INFO ] [RECAP ] [ExtensionBridge] ✅ grecaptcha ready for levanlinh.kma@gmail.com (trial token: 2190 chars)
20:27:23 [DEBUG] [RECAP ] [ReadinessToken] Cached trial token for levanlinh.kma@gmail.com (2190 chars) → AM + Pool
20:27:23 [DEBUG] [RECAP ] [ExtensionBridge] Cached readiness-check token for levanlinh.kma@gmail.com (2190 chars)
20:27:23 [INFO ] [RECAP ] [ProactiveWarmup] levanlinh.kma@gmail.com: ✅ reCAPTCHA pre-warmed — token cached, ready for instant Start All
20:27:37 [WARNING] [WS    ] [ExtensionBridge] ⚠️ Zombie connection: ['levanlinh.kma@gmail.com'] (no activity 49s)
20:27:37 [DEBUG] [WS    ] [ExtensionBridge] Preserved 5 headers for levanlinh.kma@gmail.com on disconnect
20:27:37 [INFO ] [WS    ] [ExtensionBridge] 📧 Extension disconnected: levanlinh.kma@gmail.com
20:27:43 [INFO ] [WS    ] [ExtensionBridge] 📧 Extension registered: levanlinh.kma@gmail.com (v2.3.0)
20:27:43 [INFO ] [WS    ] [ExtensionBridge] Extension connected for levanlinh.kma@gmail.com
20:27:43 [INFO ] [RECAP ] [ProactiveWarmup] levanlinh.kma@gmail.com: waiting 10s for reCAPTCHA widget...
20:27:43 [INFO ] [WS    ] [ExtensionBridge] 🔑 Unsolicited access token for levanlinh.kma@gmail.com
20:27:43 [INFO ] [WS    ] [ExtensionBridge] Headers updated for levanlinh.kma@gmail.com: []
20:27:43 [INFO ] [WS    ] [ExtensionBridge] ✅ Startup headers refreshed for levanlinh.kma@gmail.com
20:27:43 [INFO ] [WS    ] [ExtensionBridge] ✅ x-browser-validation captured for levanlinh.kma@gmail.com
20:27:43 [INFO ] [WS    ] [ExtensionBridge] ✅ x-browser-validation captured for levanlinh.kma@gmail.com
20:27:45 [DEBUG] [WS    ] [ExtensionBridge] Headers update for levanlinh.kma@gmail.com: ['x-browser-channel', 'x-browser-year', 'x-browser-validation', 'x-browser-copyright', 'x-client-data']
20:27:45 [DEBUG] [RECAP ] [ExtensionBridge] Bearer token stored for levanlinh.kma@gmail.com (424 chars)
20:27:45 [INFO ] [WS    ] [ExtensionBridge] Headers updated for levanlinh.kma@gmail.com: ['x-browser-channel', 'x-browser-year', 'x-browser-validation', 'x-browser-copyright', 'x-client-data']
20:27:47 [DEBUG] [WS    ] [ExtensionBridge] Headers update for levanlinh.kma@gmail.com: ['x-browser-channel', 'x-browser-year', 'x-browser-validation', 'x-browser-copyright', 'x-client-data']
20:27:47 [DEBUG] [RECAP ] [ExtensionBridge] Bearer token stored for levanlinh.kma@gmail.com (424 chars)
20:27:47 [INFO ] [WS    ] [ExtensionBridge] Headers updated for levanlinh.kma@gmail.com: ['x-browser-channel', 'x-browser-year', 'x-browser-validation', 'x-browser-copyright', 'x-client-data']
20:27:49 [DEBUG] [WS    ] [TabKeepalive] levanlinh.kma@gmail.com: API heartbeat skipped (no browser page)
20:27:52 [WARNING] [WS    ] [ExtensionBridge] ⚠️ Zombie connection: ['levanlinh.kma@gmail.com'] (no activity 45s)
20:27:52 [DEBUG] [WS    ] [ExtensionBridge] Preserved 5 headers for levanlinh.kma@gmail.com on disconnect
20:27:52 [INFO ] [WS    ] [ExtensionBridge] 📧 Extension disconnected: levanlinh.kma@gmail.com
20:27:58 [INFO ] [RECAP ] [ExtensionBridge] ✅ grecaptcha ready for levanlinh.kma@gmail.com (trial token: 2190 chars)
20:27:58 [DEBUG] [RECAP ] [ReadinessToken] Cached trial token for levanlinh.kma@gmail.com (2190 chars) → AM + Pool
20:27:58 [DEBUG] [RECAP ] [ExtensionBridge] Cached readiness-check token for levanlinh.kma@gmail.com (2190 chars)
20:27:58 [INFO ] [RECAP ] [ExtBridge] ⏱️ Response: check_recaptcha_ready for levanlinh.kma@gmail.com took 5.0s
20:27:58 [INFO ] [RECAP ] [ProactiveWarmup] levanlinh.kma@gmail.com: ✅ reCAPTCHA pre-warmed — token cached, ready for instant Start All
20:27:58 [DEBUG] [RECAP ] [ExtensionBridge] 🔥 reCAPTCHA warm for levanlinh.kma@gmail.com
20:27:58 [INFO ] [WS    ] [ExtensionBridge] 📧 Extension registered: levanlinh.kma@gmail.com (v2.3.0)
20:27:58 [INFO ] [WS    ] [ExtensionBridge] Extension connected for levanlinh.kma@gmail.com
20:27:58 [INFO ] [RECAP ] [ProactiveWarmup] levanlinh.kma@gmail.com: waiting 10s for reCAPTCHA widget...
20:27:58 [INFO ] [WS    ] [ExtensionBridge] 🔑 Unsolicited access token for levanlinh.kma@gmail.com
20:27:58 [INFO ] [WS    ] [ExtensionBridge] Headers updated for levanlinh.kma@gmail.com: []
20:27:58 [INFO ] [WS    ] [ExtensionBridge] ✅ Startup headers refreshed for levanlinh.kma@gmail.com
20:27:58 [INFO ] [WS    ] [ExtensionBridge] ✅ x-browser-validation captured for levanlinh.kma@gmail.com
20:27:58 [INFO ] [WS    ] [ExtensionBridge] ✅ x-browser-validation captured for levanlinh.kma@gmail.com
20:27:58 [INFO ] [WS    ] [ExtensionBridge] ✅ Startup access token set for levanlinh.kma@gmail.com
20:28:02 [DEBUG] [WS    ] [ExtensionBridge] Headers update for levanlinh.kma@gmail.com: ['x-browser-channel', 'x-browser-year', 'x-browser-validation', 'x-browser-copyright', 'x-client-data']
20:28:02 [DEBUG] [RECAP ] [ExtensionBridge] Bearer token stored for levanlinh.kma@gmail.com (424 chars)
20:28:02 [INFO ] [WS    ] [ExtensionBridge] Headers updated for levanlinh.kma@gmail.com: ['x-browser-channel', 'x-browser-year', 'x-browser-validation', 'x-browser-copyright', 'x-client-data']
20:28:08 [INFO ] [RECAP ] [ExtensionBridge] ✅ grecaptcha ready for levanlinh.kma@gmail.com (trial token: 2212 chars)
20:28:08 [DEBUG] [RECAP ] [ReadinessToken] Cached trial token for levanlinh.kma@gmail.com (2212 chars) → AM + Pool
20:28:08 [DEBUG] [RECAP ] [ExtensionBridge] Cached readiness-check token for levanlinh.kma@gmail.com (2212 chars)
20:28:08 [INFO ] [RECAP ] [ProactiveWarmup] levanlinh.kma@gmail.com: ✅ reCAPTCHA pre-warmed — token cached, ready for instant Start All
20:28:23 [WARNING] [WS    ] [ExtensionBridge] ⚠️ Zombie connection: ['levanlinh.kma@gmail.com'] (no activity 55s)
20:28:23 [DEBUG] [WS    ] [ExtensionBridge] Preserved 5 headers for levanlinh.kma@gmail.com on disconnect
20:28:23 [INFO ] [WS    ] [ExtensionBridge] 📧 Extension disconnected: levanlinh.kma@gmail.com
20:28:28 [INFO ] [WS    ] [ExtensionBridge] 📧 Extension registered: levanlinh.kma@gmail.com (v2.3.0)
20:28:28 [INFO ] [WS    ] [ExtensionBridge] Extension connected for levanlinh.kma@gmail.com
20:28:28 [INFO ] [RECAP ] [ProactiveWarmup] levanlinh.kma@gmail.com: waiting 10s for reCAPTCHA widget...
20:28:28 [INFO ] [WS    ] [ExtensionBridge] 🔑 Unsolicited access token for levanlinh.kma@gmail.com
20:28:28 [INFO ] [WS    ] [ExtensionBridge] Headers updated for levanlinh.kma@gmail.com: []
20:28:28 [INFO ] [WS    ] [ExtensionBridge] ✅ Startup headers refreshed for levanlinh.kma@gmail.com
20:28:28 [INFO ] [WS    ] [ExtensionBridge] ✅ x-browser-validation captured for levanlinh.kma@gmail.com
20:28:28 [INFO ] [WS    ] [ExtensionBridge] ✅ x-browser-validation captured for levanlinh.kma@gmail.com
20:28:28 [INFO ] [WS    ] [ExtensionBridge] ✅ Startup access token set for levanlinh.kma@gmail.com
20:28:30 [DEBUG] [WS    ] [ExtensionBridge] Headers update for levanlinh.kma@gmail.com: ['x-browser-channel', 'x-browser-year', 'x-browser-validation', 'x-browser-copyright', 'x-client-data']
20:28:30 [DEBUG] [RECAP ] [ExtensionBridge] Bearer token stored for levanlinh.kma@gmail.com (424 chars)
20:28:30 [INFO ] [WS    ] [ExtensionBridge] Headers updated for levanlinh.kma@gmail.com: ['x-browser-channel', 'x-browser-year', 'x-browser-validation', 'x-browser-copyright', 'x-client-data']
20:28:33 [DEBUG] [WS    ] [ExtensionBridge] Headers update for levanlinh.kma@gmail.com: ['x-browser-channel', 'x-browser-year', 'x-browser-validation', 'x-browser-copyright', 'x-client-data']
20:28:33 [DEBUG] [RECAP ] [ExtensionBridge] Bearer token stored for levanlinh.kma@gmail.com (424 chars)
20:28:33 [INFO ] [WS    ] [ExtensionBridge] Headers updated for levanlinh.kma@gmail.com: ['x-browser-channel', 'x-browser-year', 'x-browser-validation', 'x-browser-copyright', 'x-client-data']
20:28:38 [WARNING] [WS    ] [ExtensionBridge] ⚠️ Zombie connection: ['levanlinh.kma@gmail.com'] (no activity 45s)
20:28:38 [DEBUG] [WS    ] [ExtensionBridge] Preserved 5 headers for levanlinh.kma@gmail.com on disconnect
20:28:38 [INFO ] [WS    ] [ExtensionBridge] 📧 Extension disconnected: levanlinh.kma@gmail.com
20:28:43 [INFO ] [RECAP ] [ExtensionBridge] ✅ grecaptcha ready for levanlinh.kma@gmail.com (trial token: 2105 chars)
20:28:43 [DEBUG] [RECAP ] [ReadinessToken] Cached trial token for levanlinh.kma@gmail.com (2105 chars) → AM + Pool
20:28:43 [DEBUG] [RECAP ] [ExtensionBridge] Cached readiness-check token for levanlinh.kma@gmail.com (2105 chars)
20:28:43 [INFO ] [RECAP ] [ExtBridge] ⏱️ Response: check_recaptcha_ready for levanlinh.kma@gmail.com took 5.0s
20:28:43 [INFO ] [RECAP ] [ProactiveWarmup] levanlinh.kma@gmail.com: ✅ reCAPTCHA pre-warmed — token cached, ready for instant Start All
20:28:43 [DEBUG] [RECAP ] [ExtensionBridge] 🔥 reCAPTCHA warm for levanlinh.kma@gmail.com
20:28:43 [INFO ] [WS    ] [ExtensionBridge] 📧 Extension registered: levanlinh.kma@gmail.com (v2.3.0)
20:28:43 [INFO ] [WS    ] [ExtensionBridge] Extension connected for levanlinh.kma@gmail.com
20:28:43 [INFO ] [RECAP ] [ProactiveWarmup] levanlinh.kma@gmail.com: waiting 10s for reCAPTCHA widget...
20:28:43 [INFO ] [WS    ] [ExtensionBridge] 🔑 Unsolicited access token for levanlinh.kma@gmail.com
20:28:43 [INFO ] [WS    ] [ExtensionBridge] Headers updated for levanlinh.kma@gmail.com: []
20:28:43 [INFO ] [WS    ] [ExtensionBridge] ✅ Startup headers refreshed for levanlinh.kma@gmail.com
20:28:43 [INFO ] [WS    ] [ExtensionBridge] ✅ x-browser-validation captured for levanlinh.kma@gmail.com
20:28:43 [INFO ] [WS    ] [ExtensionBridge] ✅ x-browser-validation captured for levanlinh.kma@gmail.com
20:28:43 [INFO ] [WS    ] [ExtensionBridge] ✅ Startup access token set for levanlinh.kma@gmail.com
20:28:47 [DEBUG] [WS    ] [ExtensionBridge] Headers update for levanlinh.kma@gmail.com: ['x-browser-channel', 'x-browser-year', 'x-browser-validation', 'x-browser-copyright', 'x-client-data']
20:28:47 [DEBUG] [RECAP ] [ExtensionBridge] Bearer token stored for levanlinh.kma@gmail.com (424 chars)
20:28:47 [INFO ] [WS    ] [ExtensionBridge] Headers updated for levanlinh.kma@gmail.com: ['x-browser-channel', 'x-browser-year', 'x-browser-validation', 'x-browser-copyright', 'x-client-data']
20:28:53 [INFO ] [RECAP ] [ExtensionBridge] ✅ grecaptcha ready for levanlinh.kma@gmail.com (trial token: 2084 chars)
20:28:53 [DEBUG] [RECAP ] [ReadinessToken] Cached trial token for levanlinh.kma@gmail.com (2084 chars) → AM + Pool
20:28:53 [DEBUG] [RECAP ] [ExtensionBridge] Cached readiness-check token for levanlinh.kma@gmail.com (2084 chars)
20:28:53 [INFO ] [RECAP ] [ProactiveWarmup] levanlinh.kma@gmail.com: ✅ reCAPTCHA pre-warmed — token cached, ready for instant Start All
20:29:08 [WARNING] [WS    ] [ExtensionBridge] ⚠️ Zombie connection: ['levanlinh.kma@gmail.com'] (no activity 53s)
20:29:08 [DEBUG] [WS    ] [ExtensionBridge] Preserved 5 headers for levanlinh.kma@gmail.com on disconnect
20:29:08 [INFO ] [WS    ] [ExtensionBridge] 📧 Extension disconnected: levanlinh.kma@gmail.com
20:29:13 [INFO ] [WS    ] [ExtensionBridge] 📧 Extension registered: levanlinh.kma@gmail.com (v2.3.0)
20:29:13 [INFO ] [WS    ] [ExtensionBridge] Extension connected for levanlinh.kma@gmail.com
20:29:13 [INFO ] [WS    ] [ExtBridge] ⏱️ Response: simulate_activity for levanlinh.kma@gmail.com took 2.9s
20:29:13 [INFO ] [RECAP ] [ProactiveWarmup] levanlinh.kma@gmail.com: waiting 10s for reCAPTCHA widget...
20:29:13 [INFO ] [WS    ] [ExtensionBridge] 🔑 Unsolicited access token for levanlinh.kma@gmail.com
20:29:13 [INFO ] [WS    ] [ExtensionBridge] Headers updated for levanlinh.kma@gmail.com: []
20:29:13 [INFO ] [WS    ] [ExtensionBridge] ✅ Startup headers refreshed for levanlinh.kma@gmail.com
20:29:13 [INFO ] [WS    ] [ExtensionBridge] ✅ x-browser-validation captured for levanlinh.kma@gmail.com
20:29:13 [INFO ] [WS    ] [ExtensionBridge] ✅ x-browser-validation captured for levanlinh.kma@gmail.com
20:29:15 [DEBUG] [WS    ] [ExtensionBridge] Headers update for levanlinh.kma@gmail.com: ['x-browser-channel', 'x-browser-year', 'x-browser-validation', 'x-browser-copyright', 'x-client-data']
20:29:15 [DEBUG] [RECAP ] [ExtensionBridge] Bearer token stored for levanlinh.kma@gmail.com (424 chars)
20:29:15 [INFO ] [WS    ] [ExtensionBridge] Headers updated for levanlinh.kma@gmail.com: ['x-browser-channel', 'x-browser-year', 'x-browser-validation', 'x-browser-copyright', 'x-client-data']
20:29:17 [DEBUG] [WS    ] [ExtensionBridge] Headers update for levanlinh.kma@gmail.com: ['x-browser-channel', 'x-browser-year', 'x-browser-validation', 'x-browser-copyright', 'x-client-data']
20:29:17 [DEBUG] [RECAP ] [ExtensionBridge] Bearer token stored for levanlinh.kma@gmail.com (424 chars)
20:29:17 [INFO ] [WS    ] [ExtensionBridge] Headers updated for levanlinh.kma@gmail.com: ['x-browser-channel', 'x-browser-year', 'x-browser-validation', 'x-browser-copyright', 'x-client-data']
20:29:23 [WARNING] [WS    ] [ExtensionBridge] ⚠️ Zombie connection: ['levanlinh.kma@gmail.com'] (no activity 45s)
20:29:23 [DEBUG] [WS    ] [ExtensionBridge] Preserved 5 headers for levanlinh.kma@gmail.com on disconnect
20:29:23 [INFO ] [WS    ] [ExtensionBridge] 📧 Extension disconnected: levanlinh.kma@gmail.com
20:29:28 [DEBUG] [RECAP ] [ExtensionBridge] 🔥 reCAPTCHA warm for levanlinh.kma@gmail.com
20:29:28 [INFO ] [RECAP ] [ExtensionBridge] ✅ grecaptcha ready for levanlinh.kma@gmail.com (trial token: 2169 chars)
20:29:28 [DEBUG] [RECAP ] [ReadinessToken] Cached trial token for levanlinh.kma@gmail.com (2169 chars) → AM + Pool
20:29:28 [DEBUG] [RECAP ] [ExtensionBridge] Cached readiness-check token for levanlinh.kma@gmail.com (2169 chars)
20:29:28 [INFO ] [RECAP ] [ExtBridge] ⏱️ Response: check_recaptcha_ready for levanlinh.kma@gmail.com took 5.0s
20:29:28 [INFO ] [RECAP ] [ProactiveWarmup] levanlinh.kma@gmail.com: ✅ reCAPTCHA pre-warmed — token cached, ready for instant Start All
20:29:28 [INFO ] [WS    ] [ExtensionBridge] 📧 Extension registered: levanlinh.kma@gmail.com (v2.3.0)
20:29:28 [INFO ] [WS    ] [ExtensionBridge] Extension connected for levanlinh.kma@gmail.com
20:29:28 [INFO ] [RECAP ] [ProactiveWarmup] levanlinh.kma@gmail.com: waiting 10s for reCAPTCHA widget...
20:29:28 [INFO ] [WS    ] [ExtensionBridge] 🔑 Unsolicited access token for levanlinh.kma@gmail.com
20:29:28 [INFO ] [WS    ] [ExtensionBridge] Headers updated for levanlinh.kma@gmail.com: []
20:29:28 [INFO ] [WS    ] [ExtensionBridge] ✅ Startup headers refreshed for levanlinh.kma@gmail.com
20:29:28 [INFO ] [WS    ] [ExtensionBridge] ✅ x-browser-validation captured for levanlinh.kma@gmail.com
20:29:28 [INFO ] [WS    ] [ExtensionBridge] ✅ x-browser-validation captured for levanlinh.kma@gmail.com
20:29:28 [INFO ] [WS    ] [ExtensionBridge] ✅ Startup access token set for levanlinh.kma@gmail.com
20:29:32 [DEBUG] [WS    ] [ExtensionBridge] Headers update for levanlinh.kma@gmail.com: ['x-browser-channel', 'x-browser-year', 'x-browser-validation', 'x-browser-copyright', 'x-client-data']
20:29:32 [DEBUG] [RECAP ] [ExtensionBridge] Bearer token stored for levanlinh.kma@gmail.com (424 chars)
20:29:32 [INFO ] [WS    ] [ExtensionBridge] Headers updated for levanlinh.kma@gmail.com: ['x-browser-channel', 'x-browser-year', 'x-browser-validation', 'x-browser-copyright', 'x-client-data']
20:29:38 [INFO ] [RECAP ] [ExtensionBridge] ✅ grecaptcha ready for levanlinh.kma@gmail.com (trial token: 2190 chars)
20:29:38 [DEBUG] [RECAP ] [ReadinessToken] Cached trial token for levanlinh.kma@gmail.com (2190 chars) → AM + Pool
20:29:38 [DEBUG] [RECAP ] [ExtensionBridge] Cached readiness-check token for levanlinh.kma@gmail.com (2190 chars)
20:29:38 [INFO ] [RECAP ] [ProactiveWarmup] levanlinh.kma@gmail.com: ✅ reCAPTCHA pre-warmed — token cached, ready for instant Start All
20:29:53 [WARNING] [WS    ] [ExtensionBridge] ⚠️ Zombie connection: ['levanlinh.kma@gmail.com'] (no activity 45s)
20:29:53 [DEBUG] [WS    ] [ExtensionBridge] Preserved 5 headers for levanlinh.kma@gmail.com on disconnect
20:29:53 [INFO ] [WS    ] [ExtensionBridge] 📧 Extension disconnected: levanlinh.kma@gmail.com
20:29:58 [INFO ] [WS    ] [ExtensionBridge] 📧 Extension registered: levanlinh.kma@gmail.com (v2.3.0)
20:29:58 [INFO ] [WS    ] [ExtensionBridge] Extension connected for levanlinh.kma@gmail.com
20:29:58 [INFO ] [RECAP ] [ProactiveWarmup] levanlinh.kma@gmail.com: waiting 10s for reCAPTCHA widget...
20:29:58 [INFO ] [WS    ] [ExtensionBridge] 🔑 Unsolicited access token for levanlinh.kma@gmail.com
20:29:58 [INFO ] [WS    ] [ExtensionBridge] Headers updated for levanlinh.kma@gmail.com: []
20:29:58 [INFO ] [WS    ] [ExtensionBridge] ✅ Startup headers refreshed for levanlinh.kma@gmail.com
20:29:58 [INFO ] [WS    ] [ExtensionBridge] ✅ x-browser-validation captured for levanlinh.kma@gmail.com
20:29:58 [INFO ] [WS    ] [ExtensionBridge] ✅ x-browser-validation captured for levanlinh.kma@gmail.com
20:30:00 [DEBUG] [WS    ] [ExtensionBridge] Headers update for levanlinh.kma@gmail.com: ['x-browser-channel', 'x-browser-year', 'x-browser-validation', 'x-browser-copyright', 'x-client-data']
20:30:00 [DEBUG] [RECAP ] [ExtensionBridge] Bearer token stored for levanlinh.kma@gmail.com (424 chars)
20:30:00 [INFO ] [WS    ] [ExtensionBridge] Headers updated for levanlinh.kma@gmail.com: ['x-browser-channel', 'x-browser-year', 'x-browser-validation', 'x-browser-copyright', 'x-client-data']
20:30:02 [DEBUG] [WS    ] [ExtensionBridge] Headers update for levanlinh.kma@gmail.com: ['x-browser-channel', 'x-browser-year', 'x-browser-validation', 'x-browser-copyright', 'x-client-data']
20:30:02 [DEBUG] [RECAP ] [ExtensionBridge] Bearer token stored for levanlinh.kma@gmail.com (424 chars)
20:30:02 [INFO ] [WS    ] [ExtensionBridge] Headers updated for levanlinh.kma@gmail.com: ['x-browser-channel', 'x-browser-year', 'x-browser-validation', 'x-browser-copyright', 'x-client-data']
20:30:03 [DEBUG] [WS    ] [TabKeepalive] levanlinh.kma@gmail.com: API heartbeat skipped (no browser page)
20:30:08 [WARNING] [WS    ] [ExtensionBridge] ⚠️ Zombie connection: ['levanlinh.kma@gmail.com'] (no activity 52s)
20:30:08 [DEBUG] [WS    ] [ExtensionBridge] Preserved 5 headers for levanlinh.kma@gmail.com on disconnect
20:30:08 [INFO ] [WS    ] [ExtensionBridge] 📧 Extension disconnected: levanlinh.kma@gmail.com
20:30:13 [DEBUG] [RECAP ] [ExtensionBridge] 🔥 reCAPTCHA warm for levanlinh.kma@gmail.com
20:30:13 [INFO ] [WS    ] [ExtensionBridge] 📧 Extension registered: levanlinh.kma@gmail.com (v2.3.0)
20:30:13 [INFO ] [WS    ] [ExtensionBridge] Extension connected for levanlinh.kma@gmail.com
20:30:13 [INFO ] [RECAP ] [ExtensionBridge] ✅ grecaptcha ready for levanlinh.kma@gmail.com (trial token: 2105 chars)
20:30:13 [DEBUG] [RECAP ] [ReadinessToken] Cached trial token for levanlinh.kma@gmail.com (2105 chars) → AM + Pool
20:30:13 [DEBUG] [RECAP ] [ExtensionBridge] Cached readiness-check token for levanlinh.kma@gmail.com (2105 chars)
20:30:13 [INFO ] [RECAP ] [ExtBridge] ⏱️ Response: check_recaptcha_ready for levanlinh.kma@gmail.com took 5.0s
20:30:13 [INFO ] [RECAP ] [ProactiveWarmup] levanlinh.kma@gmail.com: ✅ reCAPTCHA pre-warmed — token cached, ready for instant Start All
20:30:13 [INFO ] [RECAP ] [ProactiveWarmup] levanlinh.kma@gmail.com: waiting 10s for reCAPTCHA widget...
20:30:13 [INFO ] [WS    ] [ExtensionBridge] 🔑 Unsolicited access token for levanlinh.kma@gmail.com
20:30:13 [INFO ] [WS    ] [ExtensionBridge] Headers updated for levanlinh.kma@gmail.com: []
20:30:13 [INFO ] [WS    ] [ExtensionBridge] ✅ Startup headers refreshed for levanlinh.kma@gmail.com
20:30:13 [INFO ] [WS    ] [ExtensionBridge] ✅ x-browser-validation captured for levanlinh.kma@gmail.com
20:30:13 [INFO ] [WS    ] [ExtensionBridge] ✅ x-browser-validation captured for levanlinh.kma@gmail.com
20:30:13 [INFO ] [WS    ] [ExtensionBridge] ✅ Startup access token set for levanlinh.kma@gmail.com
20:30:17 [DEBUG] [WS    ] [ExtensionBridge] Headers update for levanlinh.kma@gmail.com: ['x-browser-channel', 'x-browser-year', 'x-browser-validation', 'x-browser-copyright', 'x-client-data']
20:30:17 [DEBUG] [RECAP ] [ExtensionBridge] Bearer token stored for levanlinh.kma@gmail.com (424 chars)
20:30:17 [INFO ] [WS    ] [ExtensionBridge] Headers updated for levanlinh.kma@gmail.com: ['x-browser-channel', 'x-browser-year', 'x-browser-validation', 'x-browser-copyright', 'x-client-data']
20:30:23 [INFO ] [RECAP ] [ExtensionBridge] ✅ grecaptcha ready for levanlinh.kma@gmail.com (trial token: 2148 chars)
20:30:23 [DEBUG] [RECAP ] [ReadinessToken] Cached trial token for levanlinh.kma@gmail.com (2148 chars) → AM + Pool
20:30:23 [DEBUG] [RECAP ] [ExtensionBridge] Cached readiness-check token for levanlinh.kma@gmail.com (2148 chars)
20:30:23 [INFO ] [RECAP ] [ProactiveWarmup] levanlinh.kma@gmail.com: ✅ reCAPTCHA pre-warmed — token cached, ready for instant Start All
20:30:38 [WARNING] [WS    ] [ExtensionBridge] ⚠️ Zombie connection: ['levanlinh.kma@gmail.com'] (no activity 51s)
20:30:38 [DEBUG] [WS    ] [ExtensionBridge] Preserved 5 headers for levanlinh.kma@gmail.com on disconnect
20:30:38 [INFO ] [WS    ] [ExtensionBridge] 📧 Extension disconnected: levanlinh.kma@gmail.com
20:30:43 [INFO ] [WS    ] [ExtensionBridge] 📧 Extension registered: levanlinh.kma@gmail.com (v2.3.0)
20:30:43 [INFO ] [WS    ] [ExtensionBridge] Extension connected for levanlinh.kma@gmail.com
20:30:43 [INFO ] [RECAP ] [ProactiveWarmup] levanlinh.kma@gmail.com: waiting 10s for reCAPTCHA widget...
20:30:43 [INFO ] [WS    ] [ExtensionBridge] 🔑 Unsolicited access token for levanlinh.kma@gmail.com
20:30:43 [INFO ] [WS    ] [ExtensionBridge] Headers updated for levanlinh.kma@gmail.com: []
20:30:43 [INFO ] [WS    ] [ExtensionBridge] ✅ Startup headers refreshed for levanlinh.kma@gmail.com
20:30:43 [INFO ] [WS    ] [ExtensionBridge] ✅ x-browser-validation captured for levanlinh.kma@gmail.com
20:30:43 [INFO ] [WS    ] [ExtensionBridge] ✅ x-browser-validation captured for levanlinh.kma@gmail.com
20:30:45 [DEBUG] [WS    ] [ExtensionBridge] Headers update for levanlinh.kma@gmail.com: ['x-browser-channel', 'x-browser-year', 'x-browser-validation', 'x-browser-copyright', 'x-client-data']
20:30:45 [DEBUG] [RECAP ] [ExtensionBridge] Bearer token stored for levanlinh.kma@gmail.com (424 chars)
20:30:45 [INFO ] [WS    ] [ExtensionBridge] Headers updated for levanlinh.kma@gmail.com: ['x-browser-channel', 'x-browser-year', 'x-browser-validation', 'x-browser-copyright', 'x-client-data']
20:30:47 [DEBUG] [WS    ] [ExtensionBridge] Headers update for levanlinh.kma@gmail.com: ['x-browser-channel', 'x-browser-year', 'x-browser-validation', 'x-browser-copyright', 'x-client-data']
20:30:47 [DEBUG] [RECAP ] [ExtensionBridge] Bearer token stored for levanlinh.kma@gmail.com (424 chars)
20:30:47 [INFO ] [WS    ] [ExtensionBridge] Headers updated for levanlinh.kma@gmail.com: ['x-browser-channel', 'x-browser-year', 'x-browser-validation', 'x-browser-copyright', 'x-client-data']
20:30:53 [WARNING] [WS    ] [ExtensionBridge] ⚠️ Zombie connection: ['levanlinh.kma@gmail.com'] (no activity 46s)
20:30:53 [DEBUG] [WS    ] [ExtensionBridge] Preserved 5 headers for levanlinh.kma@gmail.com on disconnect
20:30:53 [INFO ] [WS    ] [ExtensionBridge] 📧 Extension disconnected: levanlinh.kma@gmail.com
20:30:57 [INFO ] [WS    ] [ExtBridge] ⏱️ Response: simulate_activity for levanlinh.kma@gmail.com took 3.0s
20:30:58 [INFO ] [RECAP ] [ExtensionBridge] ✅ grecaptcha ready for levanlinh.kma@gmail.com (trial token: 2126 chars)
20:30:58 [DEBUG] [RECAP ] [ReadinessToken] Cached trial token for levanlinh.kma@gmail.com (2126 chars) → AM + Pool
20:30:58 [DEBUG] [RECAP ] [ExtensionBridge] Cached readiness-check token for levanlinh.kma@gmail.com (2126 chars)
20:30:58 [INFO ] [RECAP ] [ExtBridge] ⏱️ Response: check_recaptcha_ready for levanlinh.kma@gmail.com took 5.0s
20:30:58 [INFO ] [RECAP ] [ProactiveWarmup] levanlinh.kma@gmail.com: ✅ reCAPTCHA pre-warmed — token cached, ready for instant Start All
20:30:58 [DEBUG] [RECAP ] [ExtensionBridge] 🔥 reCAPTCHA warm for levanlinh.kma@gmail.com
20:30:58 [INFO ] [WS    ] [ExtensionBridge] 📧 Extension registered: levanlinh.kma@gmail.com (v2.3.0)
20:30:58 [INFO ] [WS    ] [ExtensionBridge] Extension connected for levanlinh.kma@gmail.com
20:30:58 [INFO ] [RECAP ] [ProactiveWarmup] levanlinh.kma@gmail.com: waiting 10s for reCAPTCHA widget...
20:30:58 [INFO ] [WS    ] [ExtensionBridge] 🔑 Unsolicited access token for levanlinh.kma@gmail.com
20:30:58 [INFO ] [WS    ] [ExtensionBridge] Headers updated for levanlinh.kma@gmail.com: []
20:30:58 [INFO ] [WS    ] [ExtensionBridge] ✅ Startup headers refreshed for levanlinh.kma@gmail.com
20:30:58 [INFO ] [WS    ] [ExtensionBridge] ✅ x-browser-validation captured for levanlinh.kma@gmail.com
20:30:58 [INFO ] [WS    ] [ExtensionBridge] ✅ x-browser-validation captured for levanlinh.kma@gmail.com
20:30:58 [INFO ] [WS    ] [ExtensionBridge] ✅ Startup access token set for levanlinh.kma@gmail.com
20:31:02 [DEBUG] [WS    ] [ExtensionBridge] Headers update for levanlinh.kma@gmail.com: ['x-browser-channel', 'x-browser-year', 'x-browser-validation', 'x-browser-copyright', 'x-client-data']
20:31:02 [DEBUG] [RECAP ] [ExtensionBridge] Bearer token stored for levanlinh.kma@gmail.com (424 chars)
20:31:02 [INFO ] [WS    ] [ExtensionBridge] Headers updated for levanlinh.kma@gmail.com: ['x-browser-channel', 'x-browser-year', 'x-browser-validation', 'x-browser-copyright', 'x-client-data']

======================================================================
  Session: 2026-03-11 20:31:28
  Account: levanlinh.kma@gmail.com
======================================================================

20:31:28 [DEBUG] [ENGINE] Sync levanlinh.kma@gmail.com: timeout (browser not ready yet)
20:31:28 [INFO ] [ENGINE] [AutoLaunch] 🔇 Starting hidden browser 1/1: levanlinh.kma@gmail.com...
20:31:28 [INFO ] [ENGINE] [AutoAssign] 📧 Late-assign email: levanlinh.kma@gmail.com
20:31:28 [INFO ] [WS    ] [ExtensionBridge] 📧 Assigned email to extension: levanlinh.kma@gmail.com
20:31:28 [INFO ] [WS    ] [ExtensionBridge] Extension connected for levanlinh.kma@gmail.com
20:31:29 [INFO ] [RECAP ] [ProactiveWarmup] levanlinh.kma@gmail.com: waiting 10s for reCAPTCHA widget...
20:31:29 [INFO ] [ENGINE] [AutoLaunch] ✅ levanlinh.kma@gmail.com browser hidden
20:31:29 [INFO ] [ENGINE] [levanlinh.kma@gmail.com] ⏳ Debug browser starting, waiting...
20:31:29 [INFO ] [WS    ] [ExtensionBridge] 📧 Extension registered: levanlinh.kma@gmail.com (v2.3.0)
20:31:29 [INFO ] [WS    ] [ExtensionBridge] Extension connected for levanlinh.kma@gmail.com
20:31:30 [WARNING] [WS    ] [ExtensionBridge] ⚠️ Version mismatch for levanlinh.kma@gmail.com: running=2.3.0, local=2.3.2 (will be updated by ensure_all_extensions)
20:31:30 [DEBUG] [WS    ] [ProactiveWarmup] levanlinh.kma@gmail.com: already in progress, skipping duplicate
20:31:30 [INFO ] [WS    ] [ExtensionBridge] ✅ Startup headers refreshed for levanlinh.kma@gmail.com
20:31:30 [INFO ] [WS    ] [ExtensionBridge] 📧 Extension registered: levanlinh.kma@gmail.com (v2.3.0)
20:31:30 [INFO ] [WS    ] [ExtensionBridge] Extension connected for levanlinh.kma@gmail.com
20:31:30 [INFO ] [RECAP ] [ProactiveWarmup] levanlinh.kma@gmail.com: waiting 10s for reCAPTCHA widget...
20:31:30 [INFO ] [WS    ] [ExtensionBridge] ✅ Startup headers refreshed for levanlinh.kma@gmail.com
20:31:31 [INFO ] [WS    ] [ExtensionBridge] ✅ x-browser-validation captured for levanlinh.kma@gmail.com
20:31:31 [INFO ] [WS    ] [ExtensionBridge] ✅ x-browser-validation captured for levanlinh.kma@gmail.com
20:31:31 [INFO ] [WS    ] [ExtensionBridge] ✅ Startup access token set for levanlinh.kma@gmail.com
20:31:31 [INFO ] [WS    ] [ExtensionBridge] ✅ x-browser-validation captured for levanlinh.kma@gmail.com
20:31:31 [INFO ] [WS    ] [ExtensionBridge] ✅ x-browser-validation captured for levanlinh.kma@gmail.com
20:31:31 [INFO ] [WS    ] [ExtensionBridge] ✅ Startup access token set for levanlinh.kma@gmail.com
20:31:31 [INFO ] [WS    ] [ExtensionBridge] 📧 Extension disconnected: levanlinh.kma@gmail.com
20:31:31 [DEBUG] [WS    ] [ExtensionBridge] Preserved 5 headers for levanlinh.kma@gmail.com on disconnect
20:31:31 [INFO ] [WS    ] [ExtensionBridge] 📧 Extension disconnected: levanlinh.kma@gmail.com
20:31:31 [DEBUG] [WS    ] [ExtensionBridge] Preserved 5 headers for levanlinh.kma@gmail.com on disconnect
20:31:31 [INFO ] [WS    ] [ExtensionBridge] 📧 Extension disconnected: levanlinh.kma@gmail.com
20:31:33 [DEBUG] [WS    ] [ExtensionBridge] Headers update for levanlinh.kma@gmail.com: ['x-browser-channel', 'x-browser-year', 'x-browser-validation', 'x-browser-copyright', 'x-client-data']
20:31:33 [DEBUG] [RECAP ] [ExtensionBridge] Bearer token stored for levanlinh.kma@gmail.com (424 chars)
20:31:33 [INFO ] [WS    ] [ExtensionBridge] Headers updated for levanlinh.kma@gmail.com: ['x-browser-channel', 'x-browser-year', 'x-browser-validation', 'x-browser-copyright', 'x-client-data']
20:31:36 [INFO ] [WS    ] [ExtensionBridge] 📧 Extension registered: levanlinh.kma@gmail.com (v2.3.2)
20:31:36 [INFO ] [WS    ] [ExtensionBridge] Extension connected for levanlinh.kma@gmail.com
20:31:36 [DEBUG] [WS    ] [ProactiveWarmup] levanlinh.kma@gmail.com: already in progress, skipping duplicate
20:31:36 [INFO ] [WS    ] [ExtensionBridge] 🔑 Unsolicited access token for levanlinh.kma@gmail.com
20:31:36 [INFO ] [WS    ] [ExtensionBridge] Headers updated for levanlinh.kma@gmail.com: []
20:31:36 [INFO ] [WS    ] [ExtensionBridge] ✅ Startup headers refreshed for levanlinh.kma@gmail.com
20:31:37 [INFO ] [WS    ] [ExtensionBridge] ✅ x-browser-validation captured for levanlinh.kma@gmail.com
20:31:37 [INFO ] [WS    ] [ExtensionBridge] ✅ x-browser-validation captured for levanlinh.kma@gmail.com
20:31:39 [WARNING] [ENGINE] [ExtBridge] ⏱️ SLOW response: refresh_headers for levanlinh.kma@gmail.com took 10.0s (requestId=e9d7b990)
20:31:39 [INFO ] [WS    ] [ExtensionBridge] ✅ Startup headers refreshed for levanlinh.kma@gmail.com
20:31:39 [INFO ] [RECAP ] [ExtensionBridge] ✅ grecaptcha ready for levanlinh.kma@gmail.com (trial token: 2190 chars)
20:31:39 [DEBUG] [RECAP ] [ReadinessToken] Cached trial token for levanlinh.kma@gmail.com (2190 chars) → AM + Pool
20:31:39 [DEBUG] [RECAP ] [ExtensionBridge] Cached readiness-check token for levanlinh.kma@gmail.com (2190 chars)
20:31:39 [INFO ] [RECAP ] [ProactiveWarmup] levanlinh.kma@gmail.com: ✅ reCAPTCHA pre-warmed — token cached, ready for instant Start All
20:31:39 [DEBUG] [WS    ] [ExtensionBridge] Headers update for levanlinh.kma@gmail.com: ['x-browser-channel', 'x-browser-year', 'x-browser-validation', 'x-browser-copyright', 'x-client-data']
20:31:39 [INFO ] [WS    ] [ExtensionBridge] Headers updated for levanlinh.kma@gmail.com: ['x-browser-channel', 'x-browser-year', 'x-browser-validation', 'x-browser-copyright', 'x-client-data']
20:31:39 [INFO ] [WS    ] [ExtensionBridge] ✅ x-browser-validation captured for levanlinh.kma@gmail.com
20:31:39 [INFO ] [WS    ] [ExtensionBridge] ✅ x-browser-validation captured for levanlinh.kma@gmail.com
20:31:40 [INFO ] [RECAP ] [ProactiveWarmup] levanlinh.kma@gmail.com: ✅ reCAPTCHA pre-warmed — token cached, ready for instant Start All
20:31:41 [DEBUG] [WS    ] [ExtensionBridge] Headers update for levanlinh.kma@gmail.com: ['x-browser-channel', 'x-browser-year', 'x-browser-validation', 'x-browser-copyright', 'x-client-data']
20:31:41 [DEBUG] [RECAP ] [ExtensionBridge] Bearer token stored for levanlinh.kma@gmail.com (424 chars)
20:31:41 [INFO ] [WS    ] [ExtensionBridge] Headers updated for levanlinh.kma@gmail.com: ['x-browser-channel', 'x-browser-year', 'x-browser-validation', 'x-browser-copyright', 'x-client-data']
20:31:43 [INFO ] [ENGINE] [levanlinh.kma@gmail.com] 🔗 Attaching to debug browser (page access only)
20:31:45 [DEBUG] [WS    ] [ExtensionBridge] Headers update for levanlinh.kma@gmail.com: ['x-browser-channel', 'x-browser-year', 'x-browser-validation', 'x-browser-copyright', 'x-client-data']
20:31:45 [DEBUG] [RECAP ] [ExtensionBridge] Bearer token stored for levanlinh.kma@gmail.com (424 chars)
20:31:45 [INFO ] [WS    ] [ExtensionBridge] Headers updated for levanlinh.kma@gmail.com: ['x-browser-channel', 'x-browser-year', 'x-browser-validation', 'x-browser-copyright', 'x-client-data']
20:31:46 [INFO ] [ENGINE] [AutoLaunch] Extension status: 1 emails registered: ['levanlinh.kma@gmail.com']
20:31:48 [INFO ] [ENGINE] [AppController] Extension v2.3.2 connected via bridge for levanlinh.kma@gmail.com — up-to-date
20:31:48 [INFO ] [ENGINE] [AppController] Extension batch check results: {'levanlinh.kma@gmail.com': '✅ bridge connected'}
20:31:48 [INFO ] [ENGINE] [AutoLaunch] Extension check complete: {'levanlinh.kma@gmail.com': '✅ bridge connected'}
20:31:48 [INFO ] [RECAP ] [ProactiveWarmup] levanlinh.kma@gmail.com: waiting 10s for reCAPTCHA widget...
20:31:50 [DEBUG] [RECAP ] [ExtensionBridge] 🔥 reCAPTCHA warm for levanlinh.kma@gmail.com
20:31:58 [INFO ] [RECAP ] [ExtensionBridge] ✅ grecaptcha ready for levanlinh.kma@gmail.com (trial token: 2105 chars)
20:31:58 [DEBUG] [RECAP ] [ReadinessToken] Cached trial token for levanlinh.kma@gmail.com (2105 chars) → AM + Pool
20:31:58 [DEBUG] [RECAP ] [ExtensionBridge] Cached readiness-check token for levanlinh.kma@gmail.com (2105 chars)
20:31:58 [INFO ] [RECAP ] [ProactiveWarmup] levanlinh.kma@gmail.com: ✅ reCAPTCHA pre-warmed — token cached, ready for instant Start All
20:32:40 [DEBUG] [RECAP ] [ExtensionBridge] 🔥 reCAPTCHA warm for levanlinh.kma@gmail.com
20:33:26 [INFO ] [WS    ] [TabKeepalive] levanlinh.kma@gmail.com: API heartbeat OK (auth=200, ack=200, credits=401)
20:33:30 [DEBUG] [WS    ] [ExtensionBridge] Headers update for levanlinh.kma@gmail.com: ['x-browser-channel', 'x-browser-year', 'x-browser-validation', 'x-browser-copyright', 'x-client-data']
20:33:30 [DEBUG] [RECAP ] [ExtensionBridge] Bearer token stored for levanlinh.kma@gmail.com (424 chars)
20:33:30 [INFO ] [WS    ] [ExtensionBridge] Headers updated for levanlinh.kma@gmail.com: ['x-browser-channel', 'x-browser-year', 'x-browser-validation', 'x-browser-copyright', 'x-client-data']
20:33:40 [DEBUG] [RECAP ] [ExtensionBridge] 🔥 reCAPTCHA warm for levanlinh.kma@gmail.com
20:34:40 [DEBUG] [RECAP ] [ExtensionBridge] 🔥 reCAPTCHA warm for levanlinh.kma@gmail.com
20:34:40 [DEBUG] [WS    ] [ExtensionBridge] Headers update for levanlinh.kma@gmail.com: ['x-browser-channel', 'x-browser-year', 'x-browser-validation', 'x-browser-copyright', 'x-client-data']
20:34:40 [DEBUG] [RECAP ] [ExtensionBridge] Bearer token stored for levanlinh.kma@gmail.com (424 chars)
20:34:40 [INFO ] [WS    ] [ExtensionBridge] Headers updated for levanlinh.kma@gmail.com: ['x-browser-channel', 'x-browser-year', 'x-browser-validation', 'x-browser-copyright', 'x-client-data']
20:35:24 [INFO ] [WS    ] [TabKeepalive] levanlinh.kma@gmail.com: API heartbeat OK (auth=200, ack=200, credits=401)
20:35:28 [DEBUG] [WS    ] [ExtensionBridge] Headers update for levanlinh.kma@gmail.com: ['x-browser-channel', 'x-browser-year', 'x-browser-validation', 'x-browser-copyright', 'x-client-data']
20:35:28 [DEBUG] [RECAP ] [ExtensionBridge] Bearer token stored for levanlinh.kma@gmail.com (424 chars)
20:35:28 [INFO ] [WS    ] [ExtensionBridge] Headers updated for levanlinh.kma@gmail.com: ['x-browser-channel', 'x-browser-year', 'x-browser-validation', 'x-browser-copyright', 'x-client-data']
20:35:40 [DEBUG] [RECAP ] [ExtensionBridge] 🔥 reCAPTCHA warm for levanlinh.kma@gmail.com
20:36:40 [DEBUG] [RECAP ] [ExtensionBridge] 🔥 reCAPTCHA warm for levanlinh.kma@gmail.com
20:37:32 [INFO ] [WS    ] [TabKeepalive] levanlinh.kma@gmail.com: API heartbeat OK (auth=200, ack=200, credits=401)
20:37:36 [DEBUG] [WS    ] [ExtensionBridge] Headers update for levanlinh.kma@gmail.com: ['x-browser-channel', 'x-browser-year', 'x-browser-validation', 'x-browser-copyright', 'x-client-data']
20:37:36 [DEBUG] [RECAP ] [ExtensionBridge] Bearer token stored for levanlinh.kma@gmail.com (424 chars)
20:37:36 [INFO ] [WS    ] [ExtensionBridge] Headers updated for levanlinh.kma@gmail.com: ['x-browser-channel', 'x-browser-year', 'x-browser-validation', 'x-browser-copyright', 'x-client-data']
20:37:40 [DEBUG] [RECAP ] [ExtensionBridge] 🔥 reCAPTCHA warm for levanlinh.kma@gmail.com
20:37:40 [DEBUG] [WS    ] [ExtensionBridge] Headers update for levanlinh.kma@gmail.com: ['x-browser-channel', 'x-browser-year', 'x-browser-validation', 'x-browser-copyright', 'x-client-data']
20:37:40 [DEBUG] [RECAP ] [ExtensionBridge] Bearer token stored for levanlinh.kma@gmail.com (424 chars)
20:37:40 [INFO ] [WS    ] [ExtensionBridge] Headers updated for levanlinh.kma@gmail.com: ['x-browser-channel', 'x-browser-year', 'x-browser-validation', 'x-browser-copyright', 'x-client-data']
20:38:40 [DEBUG] [RECAP ] [ExtensionBridge] 🔥 reCAPTCHA warm for levanlinh.kma@gmail.com
20:39:40 [DEBUG] [RECAP ] [ExtensionBridge] 🔥 reCAPTCHA warm for levanlinh.kma@gmail.com
20:39:57 [INFO ] [WS    ] [TabKeepalive] levanlinh.kma@gmail.com: API heartbeat OK (auth=200, ack=200, credits=401)
20:40:01 [DEBUG] [WS    ] [ExtensionBridge] Headers update for levanlinh.kma@gmail.com: ['x-browser-channel', 'x-browser-year', 'x-browser-validation', 'x-browser-copyright', 'x-client-data']
20:40:01 [DEBUG] [RECAP ] [ExtensionBridge] Bearer token stored for levanlinh.kma@gmail.com (424 chars)
20:40:01 [INFO ] [WS    ] [ExtensionBridge] Headers updated for levanlinh.kma@gmail.com: ['x-browser-channel', 'x-browser-year', 'x-browser-validation', 'x-browser-copyright', 'x-client-data']
20:40:40 [DEBUG] [RECAP ] [ExtensionBridge] 🔥 reCAPTCHA warm for levanlinh.kma@gmail.com
20:40:40 [DEBUG] [WS    ] [ExtensionBridge] Headers update for levanlinh.kma@gmail.com: ['x-browser-channel', 'x-browser-year', 'x-browser-validation', 'x-browser-copyright', 'x-client-data']
20:40:40 [DEBUG] [RECAP ] [ExtensionBridge] Bearer token stored for levanlinh.kma@gmail.com (424 chars)
20:40:40 [INFO ] [WS    ] [ExtensionBridge] Headers updated for levanlinh.kma@gmail.com: ['x-browser-channel', 'x-browser-year', 'x-browser-validation', 'x-browser-copyright', 'x-client-data']
20:41:40 [DEBUG] [RECAP ] [ExtensionBridge] 🔥 reCAPTCHA warm for levanlinh.kma@gmail.com
20:42:11 [INFO ] [WS    ] [TabKeepalive] levanlinh.kma@gmail.com: API heartbeat OK (auth=200, ack=200, credits=401)
20:42:15 [DEBUG] [WS    ] [ExtensionBridge] Headers update for levanlinh.kma@gmail.com: ['x-browser-channel', 'x-browser-year', 'x-browser-validation', 'x-browser-copyright', 'x-client-data']
20:42:15 [DEBUG] [RECAP ] [ExtensionBridge] Bearer token stored for levanlinh.kma@gmail.com (424 chars)
20:42:15 [INFO ] [WS    ] [ExtensionBridge] Headers updated for levanlinh.kma@gmail.com: ['x-browser-channel', 'x-browser-year', 'x-browser-validation', 'x-browser-copyright', 'x-client-data']
20:42:40 [DEBUG] [RECAP ] [ExtensionBridge] 🔥 reCAPTCHA warm for levanlinh.kma@gmail.com
20:43:40 [DEBUG] [RECAP ] [ExtensionBridge] 🔥 reCAPTCHA warm for levanlinh.kma@gmail.com
20:43:40 [DEBUG] [WS    ] [ExtensionBridge] Headers update for levanlinh.kma@gmail.com: ['x-browser-channel', 'x-browser-year', 'x-browser-validation', 'x-browser-copyright', 'x-client-data']
20:43:40 [DEBUG] [RECAP ] [ExtensionBridge] Bearer token stored for levanlinh.kma@gmail.com (424 chars)
20:43:40 [INFO ] [WS    ] [ExtensionBridge] Headers updated for levanlinh.kma@gmail.com: ['x-browser-channel', 'x-browser-year', 'x-browser-validation', 'x-browser-copyright', 'x-client-data']
20:44:34 [DEBUG] [WS    ] [ExtensionBridge] Preserved 5 headers for levanlinh.kma@gmail.com on disconnect
20:44:34 [INFO ] [WS    ] [ExtensionBridge] 📧 Extension disconnected: levanlinh.kma@gmail.com
20:44:35 [DEBUG] [WS    ] [TabKeepalive] levanlinh.kma@gmail.com: API heartbeat skipped (no browser page)
01:33:19 [INFO ] [WS    ] [ExtensionBridge] 📧 Extension registered: levanlinh.kma@gmail.com (v2.3.2)
01:33:21 [INFO ] [WS    ] [ExtensionBridge] Extension connected for levanlinh.kma@gmail.com
01:33:21 [INFO ] [RECAP ] [ProactiveWarmup] levanlinh.kma@gmail.com: waiting 10s for reCAPTCHA widget...
01:33:21 [INFO ] [WS    ] [ExtensionBridge] ✅ Startup headers refreshed for levanlinh.kma@gmail.com
01:33:23 [DEBUG] [WS    ] [ExtensionBridge] Headers update for levanlinh.kma@gmail.com: ['x-browser-channel', 'x-browser-year', 'x-browser-validation', 'x-browser-copyright', 'x-client-data']
01:33:23 [DEBUG] [RECAP ] [ExtensionBridge] Bearer token stored for levanlinh.kma@gmail.com (424 chars)
01:33:23 [INFO ] [WS    ] [ExtensionBridge] Headers updated for levanlinh.kma@gmail.com: ['x-browser-channel', 'x-browser-year', 'x-browser-validation', 'x-browser-copyright', 'x-client-data']
01:33:23 [INFO ] [WS    ] [ExtensionBridge] 🔄 Refresh [lightweight] for levanlinh.kma@gmail.com — content heartbeat missing 17343s
01:33:31 [INFO ] [RECAP ] [ExtensionBridge] ⏳ grecaptcha NOT ready for levanlinh.kma@gmail.com: loaded=? enterprise=? execute=? page=? tokenLen=0 error=No tab found for levanlinh.kma@gmail.com
01:33:31 [WARNING] [RECAP ] [ProactiveWarmup] levanlinh.kma@gmail.com: ⚠️ reCAPTCHA not ready yet — will retry on next readiness check
01:33:41 [INFO ] [RECAP ] [ExtensionBridge] ⏳ grecaptcha NOT ready for levanlinh.kma@gmail.com: loaded=? enterprise=? execute=? page=? tokenLen=0 error=No tab found for levanlinh.kma@gmail.com
01:33:41 [WARNING] [RECAP ] [ProactiveWarmup] levanlinh.kma@gmail.com: ❌ reCAPTCHA still not ready after retry
01:34:11 [INFO ] [WS    ] [ExtensionBridge] 📧 Extension registered: levanlinh.kma@gmail.com (v2.3.2)
01:34:11 [INFO ] [WS    ] [ExtensionBridge] Extension connected for levanlinh.kma@gmail.com
01:34:11 [INFO ] [RECAP ] [ProactiveWarmup] levanlinh.kma@gmail.com: waiting 10s for reCAPTCHA widget...
01:34:11 [INFO ] [WS    ] [ExtensionBridge] 🔑 Unsolicited access token for levanlinh.kma@gmail.com
01:34:11 [INFO ] [WS    ] [ExtensionBridge] Headers updated for levanlinh.kma@gmail.com: []
01:34:11 [INFO ] [WS    ] [ExtensionBridge] ✅ Startup headers refreshed for levanlinh.kma@gmail.com
01:34:12 [INFO ] [WS    ] [ExtensionBridge] ✅ x-browser-validation captured for levanlinh.kma@gmail.com
01:34:12 [INFO ] [WS    ] [ExtensionBridge] ✅ x-browser-validation captured for levanlinh.kma@gmail.com
01:34:14 [DEBUG] [WS    ] [ExtensionBridge] Headers update for levanlinh.kma@gmail.com: ['x-browser-channel', 'x-browser-year', 'x-browser-validation', 'x-browser-copyright', 'x-client-data']
01:34:14 [DEBUG] [RECAP ] [ExtensionBridge] Bearer token stored for levanlinh.kma@gmail.com (424 chars)
01:34:14 [INFO ] [WS    ] [ExtensionBridge] Headers updated for levanlinh.kma@gmail.com: ['x-browser-channel', 'x-browser-year', 'x-browser-validation', 'x-browser-copyright', 'x-client-data']
01:34:16 [DEBUG] [WS    ] [ExtensionBridge] Headers update for levanlinh.kma@gmail.com: ['x-browser-channel', 'x-browser-year', 'x-browser-validation', 'x-browser-copyright', 'x-client-data']
01:34:16 [DEBUG] [RECAP ] [ExtensionBridge] Bearer token stored for levanlinh.kma@gmail.com (424 chars)
01:34:16 [INFO ] [WS    ] [ExtensionBridge] Headers updated for levanlinh.kma@gmail.com: ['x-browser-channel', 'x-browser-year', 'x-browser-validation', 'x-browser-copyright', 'x-client-data']
01:34:21 [INFO ] [RECAP ] [ExtensionBridge] ✅ grecaptcha ready for levanlinh.kma@gmail.com (trial token: 2190 chars)
01:34:21 [DEBUG] [RECAP ] [ReadinessToken] Cached trial token for levanlinh.kma@gmail.com (2190 chars) → AM + Pool
01:34:21 [DEBUG] [RECAP ] [ExtensionBridge] Cached readiness-check token for levanlinh.kma@gmail.com (2190 chars)
01:34:21 [INFO ] [RECAP ] [ProactiveWarmup] levanlinh.kma@gmail.com: ✅ reCAPTCHA pre-warmed — token cached, ready for instant Start All
01:34:22 [DEBUG] [RECAP ] [ExtensionBridge] 🔥 reCAPTCHA warm for levanlinh.kma@gmail.com
01:34:40 [DEBUG] [WS    ] [ExtensionBridge] Headers update for levanlinh.kma@gmail.com: ['x-browser-channel', 'x-browser-year', 'x-browser-validation', 'x-browser-copyright', 'x-client-data']
01:34:40 [DEBUG] [RECAP ] [ExtensionBridge] Bearer token stored for levanlinh.kma@gmail.com (424 chars)
01:34:40 [INFO ] [WS    ] [ExtensionBridge] Headers updated for levanlinh.kma@gmail.com: ['x-browser-channel', 'x-browser-year', 'x-browser-validation', 'x-browser-copyright', 'x-client-data']
01:34:53 [WARNING] [WS    ] [ExtensionBridge] ⚠️ Zombie connection: ['levanlinh.kma@gmail.com', 'veofidelia169@tunxelamorintesa.sbs'] (no activity 57s)
01:34:53 [DEBUG] [WS    ] [ExtensionBridge] Preserved 5 headers for levanlinh.kma@gmail.com on disconnect
01:34:53 [INFO ] [WS    ] [ExtensionBridge] 📧 Extension disconnected: levanlinh.kma@gmail.com
01:34:58 [INFO ] [WS    ] [ExtensionBridge] 📧 Extension registered: levanlinh.kma@gmail.com (v2.3.2)
01:34:58 [INFO ] [WS    ] [ExtensionBridge] Extension connected for levanlinh.kma@gmail.com
01:34:58 [INFO ] [RECAP ] [ProactiveWarmup] levanlinh.kma@gmail.com: waiting 10s for reCAPTCHA widget...
01:34:58 [INFO ] [WS    ] [ExtensionBridge] 🔑 Unsolicited access token for levanlinh.kma@gmail.com
01:34:58 [INFO ] [WS    ] [ExtensionBridge] Headers updated for levanlinh.kma@gmail.com: []
01:34:58 [INFO ] [WS    ] [ExtensionBridge] ✅ Startup headers refreshed for levanlinh.kma@gmail.com
01:34:59 [INFO ] [WS    ] [ExtensionBridge] ✅ x-browser-validation captured for levanlinh.kma@gmail.com
01:34:59 [INFO ] [WS    ] [ExtensionBridge] ✅ x-browser-validation captured for levanlinh.kma@gmail.com
01:35:01 [DEBUG] [WS    ] [ExtensionBridge] Headers update for levanlinh.kma@gmail.com: ['x-browser-channel', 'x-browser-year', 'x-browser-validation', 'x-browser-copyright', 'x-client-data']
01:35:01 [DEBUG] [RECAP ] [ExtensionBridge] Bearer token stored for levanlinh.kma@gmail.com (424 chars)
01:35:01 [INFO ] [WS    ] [ExtensionBridge] Headers updated for levanlinh.kma@gmail.com: ['x-browser-channel', 'x-browser-year', 'x-browser-validation', 'x-browser-copyright', 'x-client-data']
01:35:03 [DEBUG] [WS    ] [ExtensionBridge] Headers update for levanlinh.kma@gmail.com: ['x-browser-channel', 'x-browser-year', 'x-browser-validation', 'x-browser-copyright', 'x-client-data']
01:35:03 [DEBUG] [RECAP ] [ExtensionBridge] Bearer token stored for levanlinh.kma@gmail.com (424 chars)
01:35:03 [INFO ] [WS    ] [ExtensionBridge] Headers updated for levanlinh.kma@gmail.com: ['x-browser-channel', 'x-browser-year', 'x-browser-validation', 'x-browser-copyright', 'x-client-data']
01:35:08 [INFO ] [RECAP ] [ExtensionBridge] ✅ grecaptcha ready for levanlinh.kma@gmail.com (trial token: 2105 chars)
01:35:08 [DEBUG] [RECAP ] [ReadinessToken] Cached trial token for levanlinh.kma@gmail.com (2105 chars) → AM + Pool
01:35:08 [DEBUG] [RECAP ] [ExtensionBridge] Cached readiness-check token for levanlinh.kma@gmail.com (2105 chars)
01:35:08 [INFO ] [RECAP ] [ProactiveWarmup] levanlinh.kma@gmail.com: ✅ reCAPTCHA pre-warmed — token cached, ready for instant Start All
01:35:09 [DEBUG] [RECAP ] [ExtensionBridge] 🔥 reCAPTCHA warm for levanlinh.kma@gmail.com
01:35:19 [DEBUG] [WS    ] [TabKeepalive] levanlinh.kma@gmail.com: API heartbeat skipped (no browser page)
01:35:38 [WARNING] [WS    ] [ExtensionBridge] ⚠️ Zombie connection: ['levanlinh.kma@gmail.com'] (no activity 45s)
01:35:38 [DEBUG] [WS    ] [ExtensionBridge] Preserved 5 headers for levanlinh.kma@gmail.com on disconnect
01:35:38 [INFO ] [WS    ] [ExtensionBridge] 📧 Extension disconnected: levanlinh.kma@gmail.com
01:35:43 [INFO ] [WS    ] [ExtensionBridge] 📧 Extension registered: levanlinh.kma@gmail.com (v2.3.2)
01:35:43 [INFO ] [WS    ] [ExtensionBridge] Extension connected for levanlinh.kma@gmail.com
01:35:43 [INFO ] [RECAP ] [ProactiveWarmup] levanlinh.kma@gmail.com: waiting 10s for reCAPTCHA widget...
01:35:43 [INFO ] [WS    ] [ExtensionBridge] 🔑 Unsolicited access token for levanlinh.kma@gmail.com
01:35:43 [INFO ] [WS    ] [ExtensionBridge] Headers updated for levanlinh.kma@gmail.com: []
01:35:43 [INFO ] [WS    ] [ExtensionBridge] ✅ Startup headers refreshed for levanlinh.kma@gmail.com
01:35:44 [INFO ] [WS    ] [ExtensionBridge] ✅ x-browser-validation captured for levanlinh.kma@gmail.com
01:35:44 [INFO ] [WS    ] [ExtensionBridge] ✅ x-browser-validation captured for levanlinh.kma@gmail.com
01:35:48 [DEBUG] [WS    ] [ExtensionBridge] Headers update for levanlinh.kma@gmail.com: ['x-browser-channel', 'x-browser-year', 'x-browser-validation', 'x-browser-copyright', 'x-client-data']
01:35:48 [DEBUG] [RECAP ] [ExtensionBridge] Bearer token stored for levanlinh.kma@gmail.com (424 chars)
01:35:48 [INFO ] [WS    ] [ExtensionBridge] Headers updated for levanlinh.kma@gmail.com: ['x-browser-channel', 'x-browser-year', 'x-browser-validation', 'x-browser-copyright', 'x-client-data']
01:35:53 [INFO ] [RECAP ] [ExtensionBridge] ✅ grecaptcha ready for levanlinh.kma@gmail.com (trial token: 2190 chars)
01:35:53 [DEBUG] [RECAP ] [ReadinessToken] Cached trial token for levanlinh.kma@gmail.com (2190 chars) → AM + Pool
01:35:53 [DEBUG] [RECAP ] [ExtensionBridge] Cached readiness-check token for levanlinh.kma@gmail.com (2190 chars)
01:35:53 [INFO ] [RECAP ] [ProactiveWarmup] levanlinh.kma@gmail.com: ✅ reCAPTCHA pre-warmed — token cached, ready for instant Start All
01:35:54 [DEBUG] [RECAP ] [ExtensionBridge] 🔥 reCAPTCHA warm for levanlinh.kma@gmail.com
01:36:23 [WARNING] [WS    ] [ExtensionBridge] ⚠️ Zombie connection: ['levanlinh.kma@gmail.com'] (no activity 45s)
01:36:23 [DEBUG] [WS    ] [ExtensionBridge] Preserved 5 headers for levanlinh.kma@gmail.com on disconnect
01:36:23 [INFO ] [WS    ] [ExtensionBridge] 📧 Extension disconnected: levanlinh.kma@gmail.com
01:36:28 [INFO ] [WS    ] [ExtensionBridge] 📧 Extension registered: levanlinh.kma@gmail.com (v2.3.2)
01:36:28 [INFO ] [WS    ] [ExtensionBridge] Extension connected for levanlinh.kma@gmail.com
01:36:28 [INFO ] [RECAP ] [ProactiveWarmup] levanlinh.kma@gmail.com: waiting 10s for reCAPTCHA widget...
01:36:28 [INFO ] [WS    ] [ExtensionBridge] 🔑 Unsolicited access token for levanlinh.kma@gmail.com
01:36:28 [INFO ] [WS    ] [ExtensionBridge] Headers updated for levanlinh.kma@gmail.com: []
01:36:28 [INFO ] [WS    ] [ExtensionBridge] ✅ Startup headers refreshed for levanlinh.kma@gmail.com
01:36:29 [INFO ] [WS    ] [ExtensionBridge] ✅ x-browser-validation captured for levanlinh.kma@gmail.com
01:36:29 [INFO ] [WS    ] [ExtensionBridge] ✅ x-browser-validation captured for levanlinh.kma@gmail.com
01:36:31 [DEBUG] [WS    ] [ExtensionBridge] Headers update for levanlinh.kma@gmail.com: ['x-browser-channel', 'x-browser-year', 'x-browser-validation', 'x-browser-copyright', 'x-client-data']
01:36:31 [DEBUG] [RECAP ] [ExtensionBridge] Bearer token stored for levanlinh.kma@gmail.com (424 chars)
01:36:31 [INFO ] [WS    ] [ExtensionBridge] Headers updated for levanlinh.kma@gmail.com: ['x-browser-channel', 'x-browser-year', 'x-browser-validation', 'x-browser-copyright', 'x-client-data']
01:36:33 [DEBUG] [WS    ] [ExtensionBridge] Headers update for levanlinh.kma@gmail.com: ['x-browser-channel', 'x-browser-year', 'x-browser-validation', 'x-browser-copyright', 'x-client-data']
01:36:33 [DEBUG] [RECAP ] [ExtensionBridge] Bearer token stored for levanlinh.kma@gmail.com (424 chars)
01:36:33 [INFO ] [WS    ] [ExtensionBridge] Headers updated for levanlinh.kma@gmail.com: ['x-browser-channel', 'x-browser-year', 'x-browser-validation', 'x-browser-copyright', 'x-client-data']
01:36:38 [INFO ] [RECAP ] [ExtensionBridge] ✅ grecaptcha ready for levanlinh.kma@gmail.com (trial token: 2190 chars)
01:36:38 [DEBUG] [RECAP ] [ReadinessToken] Cached trial token for levanlinh.kma@gmail.com (2190 chars) → AM + Pool
01:36:38 [DEBUG] [RECAP ] [ExtensionBridge] Cached readiness-check token for levanlinh.kma@gmail.com (2190 chars)
01:36:38 [INFO ] [RECAP ] [ProactiveWarmup] levanlinh.kma@gmail.com: ✅ reCAPTCHA pre-warmed — token cached, ready for instant Start All
01:36:39 [DEBUG] [RECAP ] [ExtensionBridge] 🔥 reCAPTCHA warm for levanlinh.kma@gmail.com
01:37:08 [WARNING] [WS    ] [ExtensionBridge] ⚠️ Zombie connection: ['levanlinh.kma@gmail.com'] (no activity 52s)
01:37:08 [DEBUG] [WS    ] [ExtensionBridge] Preserved 5 headers for levanlinh.kma@gmail.com on disconnect
01:37:08 [INFO ] [WS    ] [ExtensionBridge] 📧 Extension disconnected: levanlinh.kma@gmail.com
01:37:13 [INFO ] [WS    ] [ExtensionBridge] 📧 Extension registered: levanlinh.kma@gmail.com (v2.3.2)
01:37:13 [INFO ] [WS    ] [ExtensionBridge] Extension connected for levanlinh.kma@gmail.com
01:37:13 [INFO ] [RECAP ] [ProactiveWarmup] levanlinh.kma@gmail.com: waiting 10s for reCAPTCHA widget...
01:37:13 [INFO ] [WS    ] [ExtensionBridge] 🔑 Unsolicited access token for levanlinh.kma@gmail.com
01:37:13 [INFO ] [WS    ] [ExtensionBridge] Headers updated for levanlinh.kma@gmail.com: []
01:37:13 [INFO ] [WS    ] [ExtensionBridge] ✅ Startup headers refreshed for levanlinh.kma@gmail.com
01:37:14 [INFO ] [WS    ] [ExtensionBridge] ✅ x-browser-validation captured for levanlinh.kma@gmail.com
01:37:14 [INFO ] [WS    ] [ExtensionBridge] ✅ x-browser-validation captured for levanlinh.kma@gmail.com
01:37:16 [DEBUG] [WS    ] [ExtensionBridge] Headers update for levanlinh.kma@gmail.com: ['x-browser-channel', 'x-browser-year', 'x-browser-validation', 'x-browser-copyright', 'x-client-data']
01:37:16 [DEBUG] [RECAP ] [ExtensionBridge] Bearer token stored for levanlinh.kma@gmail.com (424 chars)
01:37:16 [INFO ] [WS    ] [ExtensionBridge] Headers updated for levanlinh.kma@gmail.com: ['x-browser-channel', 'x-browser-year', 'x-browser-validation', 'x-browser-copyright', 'x-client-data']
01:37:18 [DEBUG] [WS    ] [ExtensionBridge] Headers update for levanlinh.kma@gmail.com: ['x-browser-channel', 'x-browser-year', 'x-browser-validation', 'x-browser-copyright', 'x-client-data']
01:37:18 [DEBUG] [RECAP ] [ExtensionBridge] Bearer token stored for levanlinh.kma@gmail.com (424 chars)
01:37:18 [INFO ] [WS    ] [ExtensionBridge] Headers updated for levanlinh.kma@gmail.com: ['x-browser-channel', 'x-browser-year', 'x-browser-validation', 'x-browser-copyright', 'x-client-data']
01:37:23 [INFO ] [RECAP ] [ExtensionBridge] ✅ grecaptcha ready for levanlinh.kma@gmail.com (trial token: 2105 chars)
01:37:23 [DEBUG] [RECAP ] [ReadinessToken] Cached trial token for levanlinh.kma@gmail.com (2105 chars) → AM + Pool
01:37:23 [DEBUG] [RECAP ] [ExtensionBridge] Cached readiness-check token for levanlinh.kma@gmail.com (2105 chars)
01:37:23 [INFO ] [RECAP ] [ProactiveWarmup] levanlinh.kma@gmail.com: ✅ reCAPTCHA pre-warmed — token cached, ready for instant Start All
01:37:24 [DEBUG] [RECAP ] [ExtensionBridge] 🔥 reCAPTCHA warm for levanlinh.kma@gmail.com
01:37:40 [DEBUG] [WS    ] [ExtensionBridge] Headers update for levanlinh.kma@gmail.com: ['x-browser-channel', 'x-browser-year', 'x-browser-validation', 'x-browser-copyright', 'x-client-data']
01:37:40 [DEBUG] [RECAP ] [ExtensionBridge] Bearer token stored for levanlinh.kma@gmail.com (424 chars)
01:37:40 [INFO ] [WS    ] [ExtensionBridge] Headers updated for levanlinh.kma@gmail.com: ['x-browser-channel', 'x-browser-year', 'x-browser-validation', 'x-browser-copyright', 'x-client-data']
01:37:44 [DEBUG] [WS    ] [ExtensionBridge] Headers update for levanlinh.kma@gmail.com: ['x-browser-channel', 'x-browser-year', 'x-browser-validation', 'x-browser-copyright', 'x-client-data']
01:37:44 [DEBUG] [RECAP ] [ExtensionBridge] Bearer token stored for levanlinh.kma@gmail.com (424 chars)
01:37:44 [INFO ] [WS    ] [ExtensionBridge] Headers updated for levanlinh.kma@gmail.com: ['x-browser-channel', 'x-browser-year', 'x-browser-validation', 'x-browser-copyright', 'x-client-data']
01:37:53 [WARNING] [WS    ] [ExtensionBridge] ⚠️ Zombie connection: ['levanlinh.kma@gmail.com'] (no activity 57s)
01:37:53 [DEBUG] [WS    ] [ExtensionBridge] Preserved 5 headers for levanlinh.kma@gmail.com on disconnect
01:37:53 [INFO ] [WS    ] [ExtensionBridge] 📧 Extension disconnected: levanlinh.kma@gmail.com
01:37:56 [DEBUG] [WS    ] [TabKeepalive] levanlinh.kma@gmail.com: API heartbeat skipped (no browser page)
01:37:58 [INFO ] [WS    ] [ExtensionBridge] 📧 Extension registered: levanlinh.kma@gmail.com (v2.3.2)
01:37:58 [INFO ] [WS    ] [ExtensionBridge] Extension connected for levanlinh.kma@gmail.com
01:37:58 [INFO ] [RECAP ] [ProactiveWarmup] levanlinh.kma@gmail.com: waiting 10s for reCAPTCHA widget...
01:37:58 [INFO ] [WS    ] [ExtensionBridge] 🔑 Unsolicited access token for levanlinh.kma@gmail.com
01:37:58 [INFO ] [WS    ] [ExtensionBridge] Headers updated for levanlinh.kma@gmail.com: []
01:37:58 [INFO ] [WS    ] [ExtensionBridge] ✅ Startup headers refreshed for levanlinh.kma@gmail.com
01:37:59 [INFO ] [WS    ] [ExtensionBridge] ✅ x-browser-validation captured for levanlinh.kma@gmail.com
01:37:59 [INFO ] [WS    ] [ExtensionBridge] ✅ x-browser-validation captured for levanlinh.kma@gmail.com
01:38:01 [DEBUG] [WS    ] [ExtensionBridge] Headers update for levanlinh.kma@gmail.com: ['x-browser-channel', 'x-browser-year', 'x-browser-validation', 'x-browser-copyright', 'x-client-data']
01:38:01 [DEBUG] [RECAP ] [ExtensionBridge] Bearer token stored for levanlinh.kma@gmail.com (424 chars)
01:38:01 [INFO ] [WS    ] [ExtensionBridge] Headers updated for levanlinh.kma@gmail.com: ['x-browser-channel', 'x-browser-year', 'x-browser-validation', 'x-browser-copyright', 'x-client-data']
01:38:03 [DEBUG] [WS    ] [ExtensionBridge] Headers update for levanlinh.kma@gmail.com: ['x-browser-channel', 'x-browser-year', 'x-browser-validation', 'x-browser-copyright', 'x-client-data']
01:38:03 [DEBUG] [RECAP ] [ExtensionBridge] Bearer token stored for levanlinh.kma@gmail.com (424 chars)
01:38:03 [INFO ] [WS    ] [ExtensionBridge] Headers updated for levanlinh.kma@gmail.com: ['x-browser-channel', 'x-browser-year', 'x-browser-validation', 'x-browser-copyright', 'x-client-data']
01:38:06 [DEBUG] [WS    ] [ExtensionBridge] Headers update for levanlinh.kma@gmail.com: ['x-browser-channel', 'x-browser-year', 'x-browser-validation', 'x-browser-copyright', 'x-client-data']
01:38:06 [DEBUG] [RECAP ] [ExtensionBridge] Bearer token stored for levanlinh.kma@gmail.com (424 chars)
01:38:06 [INFO ] [WS    ] [ExtensionBridge] Headers updated for levanlinh.kma@gmail.com: ['x-browser-channel', 'x-browser-year', 'x-browser-validation', 'x-browser-copyright', 'x-client-data']
01:38:08 [INFO ] [RECAP ] [ExtensionBridge] ✅ grecaptcha ready for levanlinh.kma@gmail.com (trial token: 2212 chars)
01:38:08 [DEBUG] [RECAP ] [ReadinessToken] Cached trial token for levanlinh.kma@gmail.com (2212 chars) → AM + Pool
01:38:08 [DEBUG] [RECAP ] [ExtensionBridge] Cached readiness-check token for levanlinh.kma@gmail.com (2212 chars)
01:38:08 [INFO ] [RECAP ] [ProactiveWarmup] levanlinh.kma@gmail.com: ✅ reCAPTCHA pre-warmed — token cached, ready for instant Start All
01:38:09 [DEBUG] [RECAP ] [ExtensionBridge] 🔥 reCAPTCHA warm for levanlinh.kma@gmail.com
01:38:38 [WARNING] [WS    ] [ExtensionBridge] ⚠️ Zombie connection: ['levanlinh.kma@gmail.com'] (no activity 49s)
01:38:38 [DEBUG] [WS    ] [ExtensionBridge] Preserved 5 headers for levanlinh.kma@gmail.com on disconnect
01:38:38 [INFO ] [WS    ] [ExtensionBridge] 📧 Extension disconnected: levanlinh.kma@gmail.com
01:38:43 [INFO ] [WS    ] [ExtensionBridge] 📧 Extension registered: levanlinh.kma@gmail.com (v2.3.2)
01:38:43 [INFO ] [WS    ] [ExtensionBridge] Extension connected for levanlinh.kma@gmail.com
01:38:43 [INFO ] [RECAP ] [ProactiveWarmup] levanlinh.kma@gmail.com: waiting 10s for reCAPTCHA widget...
01:38:43 [INFO ] [WS    ] [ExtensionBridge] 🔑 Unsolicited access token for levanlinh.kma@gmail.com
01:38:43 [INFO ] [WS    ] [ExtensionBridge] Headers updated for levanlinh.kma@gmail.com: []
01:38:43 [INFO ] [WS    ] [ExtensionBridge] ✅ Startup headers refreshed for levanlinh.kma@gmail.com
01:38:44 [INFO ] [WS    ] [ExtensionBridge] ✅ x-browser-validation captured for levanlinh.kma@gmail.com
01:38:44 [INFO ] [WS    ] [ExtensionBridge] ✅ x-browser-validation captured for levanlinh.kma@gmail.com
01:38:46 [DEBUG] [WS    ] [ExtensionBridge] Headers update for levanlinh.kma@gmail.com: ['x-browser-channel', 'x-browser-year', 'x-browser-validation', 'x-browser-copyright', 'x-client-data']
01:38:46 [DEBUG] [RECAP ] [ExtensionBridge] Bearer token stored for levanlinh.kma@gmail.com (424 chars)
01:38:46 [INFO ] [WS    ] [ExtensionBridge] Headers updated for levanlinh.kma@gmail.com: ['x-browser-channel', 'x-browser-year', 'x-browser-validation', 'x-browser-copyright', 'x-client-data']
01:38:48 [DEBUG] [WS    ] [ExtensionBridge] Headers update for levanlinh.kma@gmail.com: ['x-browser-channel', 'x-browser-year', 'x-browser-validation', 'x-browser-copyright', 'x-client-data']
01:38:48 [DEBUG] [RECAP ] [ExtensionBridge] Bearer token stored for levanlinh.kma@gmail.com (424 chars)
01:38:48 [INFO ] [WS    ] [ExtensionBridge] Headers updated for levanlinh.kma@gmail.com: ['x-browser-channel', 'x-browser-year', 'x-browser-validation', 'x-browser-copyright', 'x-client-data']
01:38:50 [DEBUG] [WS    ] [ExtensionBridge] Headers update for levanlinh.kma@gmail.com: ['x-browser-channel', 'x-browser-year', 'x-browser-validation', 'x-browser-copyright', 'x-client-data']
01:38:50 [DEBUG] [RECAP ] [ExtensionBridge] Bearer token stored for levanlinh.kma@gmail.com (424 chars)
01:38:50 [INFO ] [WS    ] [ExtensionBridge] Headers updated for levanlinh.kma@gmail.com: ['x-browser-channel', 'x-browser-year', 'x-browser-validation', 'x-browser-copyright', 'x-client-data']
01:38:53 [INFO ] [RECAP ] [ExtensionBridge] ✅ grecaptcha ready for levanlinh.kma@gmail.com (trial token: 2169 chars)
01:38:53 [DEBUG] [RECAP ] [ReadinessToken] Cached trial token for levanlinh.kma@gmail.com (2169 chars) → AM + Pool
01:38:53 [DEBUG] [RECAP ] [ExtensionBridge] Cached readiness-check token for levanlinh.kma@gmail.com (2169 chars)
01:38:53 [INFO ] [RECAP ] [ProactiveWarmup] levanlinh.kma@gmail.com: ✅ reCAPTCHA pre-warmed — token cached, ready for instant Start All
01:38:54 [DEBUG] [RECAP ] [ExtensionBridge] 🔥 reCAPTCHA warm for levanlinh.kma@gmail.com
01:39:23 [WARNING] [WS    ] [ExtensionBridge] ⚠️ Zombie connection: ['levanlinh.kma@gmail.com'] (no activity 47s)
01:39:23 [DEBUG] [WS    ] [ExtensionBridge] Preserved 5 headers for levanlinh.kma@gmail.com on disconnect
01:39:23 [INFO ] [WS    ] [ExtensionBridge] 📧 Extension disconnected: levanlinh.kma@gmail.com
01:39:28 [INFO ] [WS    ] [ExtensionBridge] 📧 Extension registered: levanlinh.kma@gmail.com (v2.3.2)
01:39:28 [INFO ] [WS    ] [ExtensionBridge] Extension connected for levanlinh.kma@gmail.com
01:39:28 [INFO ] [RECAP ] [ProactiveWarmup] levanlinh.kma@gmail.com: waiting 10s for reCAPTCHA widget...
01:39:28 [INFO ] [WS    ] [ExtensionBridge] 🔑 Unsolicited access token for levanlinh.kma@gmail.com
01:39:28 [INFO ] [WS    ] [ExtensionBridge] Headers updated for levanlinh.kma@gmail.com: []
01:39:28 [INFO ] [WS    ] [ExtensionBridge] ✅ Startup headers refreshed for levanlinh.kma@gmail.com
01:39:29 [INFO ] [WS    ] [ExtensionBridge] ✅ x-browser-validation captured for levanlinh.kma@gmail.com
01:39:29 [INFO ] [WS    ] [ExtensionBridge] ✅ x-browser-validation captured for levanlinh.kma@gmail.com
01:39:31 [DEBUG] [WS    ] [ExtensionBridge] Headers update for levanlinh.kma@gmail.com: ['x-browser-channel', 'x-browser-year', 'x-browser-validation', 'x-browser-copyright', 'x-client-data']
01:39:31 [DEBUG] [RECAP ] [ExtensionBridge] Bearer token stored for levanlinh.kma@gmail.com (424 chars)
01:39:31 [INFO ] [WS    ] [ExtensionBridge] Headers updated for levanlinh.kma@gmail.com: ['x-browser-channel', 'x-browser-year', 'x-browser-validation', 'x-browser-copyright', 'x-client-data']
01:39:33 [DEBUG] [WS    ] [ExtensionBridge] Headers update for levanlinh.kma@gmail.com: ['x-browser-channel', 'x-browser-year', 'x-browser-validation', 'x-browser-copyright', 'x-client-data']
01:39:33 [DEBUG] [RECAP ] [ExtensionBridge] Bearer token stored for levanlinh.kma@gmail.com (424 chars)
01:39:33 [INFO ] [WS    ] [ExtensionBridge] Headers updated for levanlinh.kma@gmail.com: ['x-browser-channel', 'x-browser-year', 'x-browser-validation', 'x-browser-copyright', 'x-client-data']
01:39:35 [DEBUG] [WS    ] [ExtensionBridge] Headers update for levanlinh.kma@gmail.com: ['x-browser-channel', 'x-browser-year', 'x-browser-validation', 'x-browser-copyright', 'x-client-data']
01:39:35 [DEBUG] [RECAP ] [ExtensionBridge] Bearer token stored for levanlinh.kma@gmail.com (424 chars)
01:39:35 [INFO ] [WS    ] [ExtensionBridge] Headers updated for levanlinh.kma@gmail.com: ['x-browser-channel', 'x-browser-year', 'x-browser-validation', 'x-browser-copyright', 'x-client-data']
01:39:38 [INFO ] [RECAP ] [ExtensionBridge] ✅ grecaptcha ready for levanlinh.kma@gmail.com (trial token: 2126 chars)
01:39:38 [DEBUG] [RECAP ] [ReadinessToken] Cached trial token for levanlinh.kma@gmail.com (2126 chars) → AM + Pool
01:39:38 [DEBUG] [RECAP ] [ExtensionBridge] Cached readiness-check token for levanlinh.kma@gmail.com (2126 chars)
01:39:38 [INFO ] [RECAP ] [ProactiveWarmup] levanlinh.kma@gmail.com: ✅ reCAPTCHA pre-warmed — token cached, ready for instant Start All
01:39:39 [DEBUG] [RECAP ] [ExtensionBridge] 🔥 reCAPTCHA warm for levanlinh.kma@gmail.com
01:40:08 [WARNING] [WS    ] [ExtensionBridge] ⚠️ Zombie connection: ['levanlinh.kma@gmail.com'] (no activity 45s)
01:40:08 [DEBUG] [WS    ] [ExtensionBridge] Preserved 5 headers for levanlinh.kma@gmail.com on disconnect
01:40:08 [INFO ] [WS    ] [ExtensionBridge] 📧 Extension disconnected: levanlinh.kma@gmail.com
01:40:13 [INFO ] [WS    ] [ExtensionBridge] 📧 Extension registered: levanlinh.kma@gmail.com (v2.3.2)
01:40:13 [INFO ] [WS    ] [ExtensionBridge] Extension connected for levanlinh.kma@gmail.com
01:40:13 [INFO ] [RECAP ] [ProactiveWarmup] levanlinh.kma@gmail.com: waiting 10s for reCAPTCHA widget...
01:40:13 [INFO ] [WS    ] [ExtensionBridge] 🔑 Unsolicited access token for levanlinh.kma@gmail.com
01:40:13 [INFO ] [WS    ] [ExtensionBridge] Headers updated for levanlinh.kma@gmail.com: []
01:40:13 [INFO ] [WS    ] [ExtensionBridge] ✅ Startup headers refreshed for levanlinh.kma@gmail.com
01:40:14 [INFO ] [WS    ] [ExtensionBridge] ✅ x-browser-validation captured for levanlinh.kma@gmail.com
01:40:14 [INFO ] [WS    ] [ExtensionBridge] ✅ x-browser-validation captured for levanlinh.kma@gmail.com
01:40:14 [INFO ] [WS    ] [ExtensionBridge] ✅ Startup access token set for levanlinh.kma@gmail.com
01:40:17 [DEBUG] [WS    ] [ExtensionBridge] Headers update for levanlinh.kma@gmail.com: ['x-browser-channel', 'x-browser-year', 'x-browser-validation', 'x-browser-copyright', 'x-client-data']
01:40:17 [DEBUG] [RECAP ] [ExtensionBridge] Bearer token stored for levanlinh.kma@gmail.com (424 chars)
01:40:17 [INFO ] [WS    ] [ExtensionBridge] Headers updated for levanlinh.kma@gmail.com: ['x-browser-channel', 'x-browser-year', 'x-browser-validation', 'x-browser-copyright', 'x-client-data']
01:40:19 [DEBUG] [WS    ] [TabKeepalive] levanlinh.kma@gmail.com: API heartbeat skipped (no browser page)
01:40:23 [INFO ] [RECAP ] [ExtensionBridge] ⏳ grecaptcha NOT ready for levanlinh.kma@gmail.com: loaded=? enterprise=? execute=? page=? tokenLen=0
01:40:23 [WARNING] [RECAP ] [ProactiveWarmup] levanlinh.kma@gmail.com: ⚠️ reCAPTCHA not ready yet — will retry on next readiness check
01:40:27 [DEBUG] [WS    ] [ExtensionBridge] Headers update for levanlinh.kma@gmail.com: ['x-browser-channel', 'x-browser-year', 'x-browser-validation', 'x-browser-copyright', 'x-client-data']
01:40:27 [DEBUG] [RECAP ] [ExtensionBridge] Bearer token stored for levanlinh.kma@gmail.com (424 chars)
01:40:27 [INFO ] [WS    ] [ExtensionBridge] Headers updated for levanlinh.kma@gmail.com: ['x-browser-channel', 'x-browser-year', 'x-browser-validation', 'x-browser-copyright', 'x-client-data']
01:40:30 [DEBUG] [WS    ] [ExtensionBridge] Headers update for levanlinh.kma@gmail.com: ['x-browser-channel', 'x-browser-year', 'x-browser-validation', 'x-browser-copyright', 'x-client-data']
01:40:30 [DEBUG] [RECAP ] [ExtensionBridge] Bearer token stored for levanlinh.kma@gmail.com (424 chars)
01:40:30 [INFO ] [WS    ] [ExtensionBridge] Headers updated for levanlinh.kma@gmail.com: ['x-browser-channel', 'x-browser-year', 'x-browser-validation', 'x-browser-copyright', 'x-client-data']
01:40:33 [INFO ] [RECAP ] [ExtensionBridge] ✅ grecaptcha ready for levanlinh.kma@gmail.com (trial token: 2169 chars)
01:40:33 [DEBUG] [RECAP ] [ReadinessToken] Cached trial token for levanlinh.kma@gmail.com (2169 chars) → AM + Pool
01:40:33 [DEBUG] [RECAP ] [ExtensionBridge] Cached readiness-check token for levanlinh.kma@gmail.com (2169 chars)
01:40:33 [INFO ] [RECAP ] [ProactiveWarmup] levanlinh.kma@gmail.com: ✅ reCAPTCHA ready on retry
01:40:34 [DEBUG] [RECAP ] [ExtensionBridge] 🔥 reCAPTCHA warm for levanlinh.kma@gmail.com
01:40:40 [DEBUG] [WS    ] [ExtensionBridge] Headers update for levanlinh.kma@gmail.com: ['x-browser-channel', 'x-browser-year', 'x-browser-validation', 'x-browser-copyright', 'x-client-data']
01:40:40 [DEBUG] [RECAP ] [ExtensionBridge] Bearer token stored for levanlinh.kma@gmail.com (424 chars)
01:40:40 [INFO ] [WS    ] [ExtensionBridge] Headers updated for levanlinh.kma@gmail.com: ['x-browser-channel', 'x-browser-year', 'x-browser-validation', 'x-browser-copyright', 'x-client-data']
01:40:53 [WARNING] [WS    ] [ExtensionBridge] ⚠️ Zombie connection: ['levanlinh.kma@gmail.com'] (no activity 57s)
01:40:53 [DEBUG] [WS    ] [ExtensionBridge] Preserved 5 headers for levanlinh.kma@gmail.com on disconnect
01:40:53 [INFO ] [WS    ] [ExtensionBridge] 📧 Extension disconnected: levanlinh.kma@gmail.com
01:40:58 [INFO ] [WS    ] [ExtensionBridge] 📧 Extension registered: levanlinh.kma@gmail.com (v2.3.2)
01:40:58 [INFO ] [WS    ] [ExtensionBridge] Extension connected for levanlinh.kma@gmail.com
01:40:58 [INFO ] [RECAP ] [ProactiveWarmup] levanlinh.kma@gmail.com: waiting 10s for reCAPTCHA widget...
01:40:58 [INFO ] [WS    ] [ExtensionBridge] 🔑 Unsolicited access token for levanlinh.kma@gmail.com
01:40:58 [INFO ] [WS    ] [ExtensionBridge] Headers updated for levanlinh.kma@gmail.com: []
01:40:58 [INFO ] [WS    ] [ExtensionBridge] ✅ Startup headers refreshed for levanlinh.kma@gmail.com
01:40:59 [INFO ] [WS    ] [ExtensionBridge] ✅ x-browser-validation captured for levanlinh.kma@gmail.com
01:40:59 [INFO ] [WS    ] [ExtensionBridge] ✅ x-browser-validation captured for levanlinh.kma@gmail.com
01:41:01 [DEBUG] [WS    ] [ExtensionBridge] Headers update for levanlinh.kma@gmail.com: ['x-browser-channel', 'x-browser-year', 'x-browser-validation', 'x-browser-copyright', 'x-client-data']
01:41:01 [DEBUG] [RECAP ] [ExtensionBridge] Bearer token stored for levanlinh.kma@gmail.com (424 chars)
01:41:01 [INFO ] [WS    ] [ExtensionBridge] Headers updated for levanlinh.kma@gmail.com: ['x-browser-channel', 'x-browser-year', 'x-browser-validation', 'x-browser-copyright', 'x-client-data']
01:41:05 [DEBUG] [WS    ] [ExtensionBridge] Headers update for levanlinh.kma@gmail.com: ['x-browser-channel', 'x-browser-year', 'x-browser-validation', 'x-browser-copyright', 'x-client-data']
01:41:05 [DEBUG] [RECAP ] [ExtensionBridge] Bearer token stored for levanlinh.kma@gmail.com (424 chars)
01:41:05 [INFO ] [WS    ] [ExtensionBridge] Headers updated for levanlinh.kma@gmail.com: ['x-browser-channel', 'x-browser-year', 'x-browser-validation', 'x-browser-copyright', 'x-client-data']
01:41:08 [INFO ] [RECAP ] [ExtensionBridge] ✅ grecaptcha ready for levanlinh.kma@gmail.com (trial token: 2169 chars)
01:41:08 [DEBUG] [RECAP ] [ReadinessToken] Cached trial token for levanlinh.kma@gmail.com (2169 chars) → AM + Pool
01:41:08 [DEBUG] [RECAP ] [ExtensionBridge] Cached readiness-check token for levanlinh.kma@gmail.com (2169 chars)
01:41:08 [INFO ] [RECAP ] [ProactiveWarmup] levanlinh.kma@gmail.com: ✅ reCAPTCHA pre-warmed — token cached, ready for instant Start All
01:41:09 [DEBUG] [RECAP ] [ExtensionBridge] 🔥 reCAPTCHA warm for levanlinh.kma@gmail.com
01:41:38 [WARNING] [WS    ] [ExtensionBridge] ⚠️ Zombie connection: ['levanlinh.kma@gmail.com'] (no activity 54s)
01:41:38 [DEBUG] [WS    ] [ExtensionBridge] Preserved 5 headers for levanlinh.kma@gmail.com on disconnect
01:41:38 [INFO ] [WS    ] [ExtensionBridge] 📧 Extension disconnected: levanlinh.kma@gmail.com
01:41:43 [INFO ] [WS    ] [ExtensionBridge] 📧 Extension registered: levanlinh.kma@gmail.com (v2.3.2)
01:41:43 [INFO ] [WS    ] [ExtensionBridge] Extension connected for levanlinh.kma@gmail.com
01:41:43 [INFO ] [RECAP ] [ProactiveWarmup] levanlinh.kma@gmail.com: waiting 10s for reCAPTCHA widget...
01:41:43 [INFO ] [WS    ] [ExtensionBridge] 🔑 Unsolicited access token for levanlinh.kma@gmail.com
01:41:43 [INFO ] [WS    ] [ExtensionBridge] Headers updated for levanlinh.kma@gmail.com: []
01:41:43 [INFO ] [WS    ] [ExtensionBridge] ✅ Startup headers refreshed for levanlinh.kma@gmail.com
01:41:44 [INFO ] [WS    ] [ExtensionBridge] ✅ x-browser-validation captured for levanlinh.kma@gmail.com
01:41:44 [INFO ] [WS    ] [ExtensionBridge] ✅ x-browser-validation captured for levanlinh.kma@gmail.com
01:41:46 [DEBUG] [WS    ] [ExtensionBridge] Headers update for levanlinh.kma@gmail.com: ['x-browser-channel', 'x-browser-year', 'x-browser-validation', 'x-browser-copyright', 'x-client-data']
01:41:46 [DEBUG] [RECAP ] [ExtensionBridge] Bearer token stored for levanlinh.kma@gmail.com (424 chars)
01:41:46 [INFO ] [WS    ] [ExtensionBridge] Headers updated for levanlinh.kma@gmail.com: ['x-browser-channel', 'x-browser-year', 'x-browser-validation', 'x-browser-copyright', 'x-client-data']
01:41:48 [DEBUG] [WS    ] [ExtensionBridge] Headers update for levanlinh.kma@gmail.com: ['x-browser-channel', 'x-browser-year', 'x-browser-validation', 'x-browser-copyright', 'x-client-data']
01:41:48 [DEBUG] [RECAP ] [ExtensionBridge] Bearer token stored for levanlinh.kma@gmail.com (424 chars)
01:41:48 [INFO ] [WS    ] [ExtensionBridge] Headers updated for levanlinh.kma@gmail.com: ['x-browser-channel', 'x-browser-year', 'x-browser-validation', 'x-browser-copyright', 'x-client-data']
01:41:50 [DEBUG] [WS    ] [ExtensionBridge] Headers update for levanlinh.kma@gmail.com: ['x-browser-channel', 'x-browser-year', 'x-browser-validation', 'x-browser-copyright', 'x-client-data']
01:41:50 [DEBUG] [RECAP ] [ExtensionBridge] Bearer token stored for levanlinh.kma@gmail.com (424 chars)
01:41:50 [INFO ] [WS    ] [ExtensionBridge] Headers updated for levanlinh.kma@gmail.com: ['x-browser-channel', 'x-browser-year', 'x-browser-validation', 'x-browser-copyright', 'x-client-data']
01:41:53 [INFO ] [RECAP ] [ExtensionBridge] ✅ grecaptcha ready for levanlinh.kma@gmail.com (trial token: 2212 chars)
01:41:53 [DEBUG] [RECAP ] [ReadinessToken] Cached trial token for levanlinh.kma@gmail.com (2212 chars) → AM + Pool
01:41:53 [DEBUG] [RECAP ] [ExtensionBridge] Cached readiness-check token for levanlinh.kma@gmail.com (2212 chars)
01:41:53 [INFO ] [RECAP ] [ProactiveWarmup] levanlinh.kma@gmail.com: ✅ reCAPTCHA pre-warmed — token cached, ready for instant Start All
01:41:54 [DEBUG] [RECAP ] [ExtensionBridge] 🔥 reCAPTCHA warm for levanlinh.kma@gmail.com
01:42:23 [WARNING] [WS    ] [ExtensionBridge] ⚠️ Zombie connection: ['levanlinh.kma@gmail.com'] (no activity 45s)
01:42:23 [DEBUG] [WS    ] [ExtensionBridge] Preserved 5 headers for levanlinh.kma@gmail.com on disconnect
01:42:23 [INFO ] [WS    ] [ExtensionBridge] 📧 Extension disconnected: levanlinh.kma@gmail.com
01:42:28 [INFO ] [WS    ] [ExtensionBridge] 📧 Extension registered: levanlinh.kma@gmail.com (v2.3.2)
01:42:28 [INFO ] [WS    ] [ExtensionBridge] Extension connected for levanlinh.kma@gmail.com
01:42:28 [INFO ] [RECAP ] [ProactiveWarmup] levanlinh.kma@gmail.com: waiting 10s for reCAPTCHA widget...
01:42:28 [INFO ] [WS    ] [ExtensionBridge] 🔑 Unsolicited access token for levanlinh.kma@gmail.com
01:42:28 [INFO ] [WS    ] [ExtensionBridge] Headers updated for levanlinh.kma@gmail.com: []
01:42:28 [DEBUG] [WS    ] [TabKeepalive] levanlinh.kma@gmail.com: API heartbeat skipped (no browser page)
01:42:28 [INFO ] [WS    ] [ExtensionBridge] ✅ Startup headers refreshed for levanlinh.kma@gmail.com
01:42:29 [INFO ] [WS    ] [ExtensionBridge] ✅ x-browser-validation captured for levanlinh.kma@gmail.com
01:42:29 [INFO ] [WS    ] [ExtensionBridge] ✅ x-browser-validation captured for levanlinh.kma@gmail.com
01:42:31 [DEBUG] [WS    ] [ExtensionBridge] Headers update for levanlinh.kma@gmail.com: ['x-browser-channel', 'x-browser-year', 'x-browser-validation', 'x-browser-copyright', 'x-client-data']
01:42:31 [DEBUG] [RECAP ] [ExtensionBridge] Bearer token stored for levanlinh.kma@gmail.com (424 chars)
01:42:31 [INFO ] [WS    ] [ExtensionBridge] Headers updated for levanlinh.kma@gmail.com: ['x-browser-channel', 'x-browser-year', 'x-browser-validation', 'x-browser-copyright', 'x-client-data']
01:42:35 [DEBUG] [WS    ] [ExtensionBridge] Headers update for levanlinh.kma@gmail.com: ['x-browser-channel', 'x-browser-year', 'x-browser-validation', 'x-browser-copyright', 'x-client-data']
01:42:35 [DEBUG] [RECAP ] [ExtensionBridge] Bearer token stored for levanlinh.kma@gmail.com (424 chars)
01:42:35 [INFO ] [WS    ] [ExtensionBridge] Headers updated for levanlinh.kma@gmail.com: ['x-browser-channel', 'x-browser-year', 'x-browser-validation', 'x-browser-copyright', 'x-client-data']
01:42:38 [INFO ] [RECAP ] [ExtensionBridge] ✅ grecaptcha ready for levanlinh.kma@gmail.com (trial token: 2190 chars)
01:42:38 [DEBUG] [RECAP ] [ReadinessToken] Cached trial token for levanlinh.kma@gmail.com (2190 chars) → AM + Pool
01:42:38 [DEBUG] [RECAP ] [ExtensionBridge] Cached readiness-check token for levanlinh.kma@gmail.com (2190 chars)
01:42:38 [INFO ] [RECAP ] [ProactiveWarmup] levanlinh.kma@gmail.com: ✅ reCAPTCHA pre-warmed — token cached, ready for instant Start All
01:42:39 [DEBUG] [RECAP ] [ExtensionBridge] 🔥 reCAPTCHA warm for levanlinh.kma@gmail.com
01:43:08 [WARNING] [WS    ] [ExtensionBridge] ⚠️ Zombie connection: ['levanlinh.kma@gmail.com'] (no activity 45s)
01:43:08 [DEBUG] [WS    ] [ExtensionBridge] Preserved 5 headers for levanlinh.kma@gmail.com on disconnect
01:43:08 [INFO ] [WS    ] [ExtensionBridge] 📧 Extension disconnected: levanlinh.kma@gmail.com
01:43:13 [INFO ] [WS    ] [ExtensionBridge] 📧 Extension registered: levanlinh.kma@gmail.com (v2.3.2)
01:43:13 [INFO ] [WS    ] [ExtensionBridge] Extension connected for levanlinh.kma@gmail.com
01:43:13 [INFO ] [RECAP ] [ProactiveWarmup] levanlinh.kma@gmail.com: waiting 10s for reCAPTCHA widget...
01:43:13 [INFO ] [WS    ] [ExtensionBridge] 🔑 Unsolicited access token for levanlinh.kma@gmail.com
01:43:13 [INFO ] [WS    ] [ExtensionBridge] Headers updated for levanlinh.kma@gmail.com: []
01:43:13 [INFO ] [WS    ] [ExtensionBridge] ✅ Startup headers refreshed for levanlinh.kma@gmail.com
01:43:14 [INFO ] [WS    ] [ExtensionBridge] ✅ x-browser-validation captured for levanlinh.kma@gmail.com
01:43:14 [INFO ] [WS    ] [ExtensionBridge] ✅ x-browser-validation captured for levanlinh.kma@gmail.com
01:43:16 [DEBUG] [WS    ] [ExtensionBridge] Headers update for levanlinh.kma@gmail.com: ['x-browser-channel', 'x-browser-year', 'x-browser-validation', 'x-browser-copyright', 'x-client-data']
01:43:16 [DEBUG] [RECAP ] [ExtensionBridge] Bearer token stored for levanlinh.kma@gmail.com (424 chars)
01:43:16 [INFO ] [WS    ] [ExtensionBridge] Headers updated for levanlinh.kma@gmail.com: ['x-browser-channel', 'x-browser-year', 'x-browser-validation', 'x-browser-copyright', 'x-client-data']
01:43:20 [DEBUG] [WS    ] [ExtensionBridge] Headers update for levanlinh.kma@gmail.com: ['x-browser-channel', 'x-browser-year', 'x-browser-validation', 'x-browser-copyright', 'x-client-data']
01:43:20 [DEBUG] [RECAP ] [ExtensionBridge] Bearer token stored for levanlinh.kma@gmail.com (424 chars)
01:43:20 [INFO ] [WS    ] [ExtensionBridge] Headers updated for levanlinh.kma@gmail.com: ['x-browser-channel', 'x-browser-year', 'x-browser-validation', 'x-browser-copyright', 'x-client-data']
01:43:23 [INFO ] [RECAP ] [ExtensionBridge] ✅ grecaptcha ready for levanlinh.kma@gmail.com (trial token: 2212 chars)
01:43:23 [DEBUG] [RECAP ] [ReadinessToken] Cached trial token for levanlinh.kma@gmail.com (2212 chars) → AM + Pool
01:43:23 [DEBUG] [RECAP ] [ExtensionBridge] Cached readiness-check token for levanlinh.kma@gmail.com (2212 chars)
01:43:23 [INFO ] [RECAP ] [ProactiveWarmup] levanlinh.kma@gmail.com: ✅ reCAPTCHA pre-warmed — token cached, ready for instant Start All
01:43:24 [DEBUG] [RECAP ] [ExtensionBridge] 🔥 reCAPTCHA warm for levanlinh.kma@gmail.com
01:43:40 [DEBUG] [WS    ] [ExtensionBridge] Headers update for levanlinh.kma@gmail.com: ['x-browser-channel', 'x-browser-year', 'x-browser-validation', 'x-browser-copyright', 'x-client-data']
01:43:40 [DEBUG] [RECAP ] [ExtensionBridge] Bearer token stored for levanlinh.kma@gmail.com (424 chars)
01:43:40 [INFO ] [WS    ] [ExtensionBridge] Headers updated for levanlinh.kma@gmail.com: ['x-browser-channel', 'x-browser-year', 'x-browser-validation', 'x-browser-copyright', 'x-client-data']
01:43:53 [WARNING] [WS    ] [ExtensionBridge] ⚠️ Zombie connection: ['levanlinh.kma@gmail.com'] (no activity 57s)
01:43:53 [DEBUG] [WS    ] [ExtensionBridge] Preserved 5 headers for levanlinh.kma@gmail.com on disconnect
01:43:53 [INFO ] [WS    ] [ExtensionBridge] 📧 Extension disconnected: levanlinh.kma@gmail.com
01:43:58 [INFO ] [WS    ] [ExtensionBridge] 📧 Extension registered: levanlinh.kma@gmail.com (v2.3.2)
01:43:58 [INFO ] [WS    ] [ExtensionBridge] Extension connected for levanlinh.kma@gmail.com
01:43:58 [INFO ] [RECAP ] [ProactiveWarmup] levanlinh.kma@gmail.com: waiting 10s for reCAPTCHA widget...
01:43:58 [INFO ] [WS    ] [ExtensionBridge] 🔑 Unsolicited access token for levanlinh.kma@gmail.com
01:43:58 [INFO ] [WS    ] [ExtensionBridge] Headers updated for levanlinh.kma@gmail.com: []
01:43:58 [INFO ] [WS    ] [ExtensionBridge] ✅ Startup headers refreshed for levanlinh.kma@gmail.com
01:43:59 [INFO ] [WS    ] [ExtensionBridge] ✅ x-browser-validation captured for levanlinh.kma@gmail.com
01:43:59 [INFO ] [WS    ] [ExtensionBridge] ✅ x-browser-validation captured for levanlinh.kma@gmail.com
01:44:01 [DEBUG] [WS    ] [ExtensionBridge] Headers update for levanlinh.kma@gmail.com: ['x-browser-channel', 'x-browser-year', 'x-browser-validation', 'x-browser-copyright', 'x-client-data']
01:44:01 [DEBUG] [RECAP ] [ExtensionBridge] Bearer token stored for levanlinh.kma@gmail.com (424 chars)
01:44:01 [INFO ] [WS    ] [ExtensionBridge] Headers updated for levanlinh.kma@gmail.com: ['x-browser-channel', 'x-browser-year', 'x-browser-validation', 'x-browser-copyright', 'x-client-data']
01:44:05 [DEBUG] [WS    ] [ExtensionBridge] Headers update for levanlinh.kma@gmail.com: ['x-browser-channel', 'x-browser-year', 'x-browser-validation', 'x-browser-copyright', 'x-client-data']
01:44:05 [DEBUG] [RECAP ] [ExtensionBridge] Bearer token stored for levanlinh.kma@gmail.com (424 chars)
01:44:05 [INFO ] [WS    ] [ExtensionBridge] Headers updated for levanlinh.kma@gmail.com: ['x-browser-channel', 'x-browser-year', 'x-browser-validation', 'x-browser-copyright', 'x-client-data']
01:44:08 [INFO ] [RECAP ] [ExtensionBridge] ✅ grecaptcha ready for levanlinh.kma@gmail.com (trial token: 2169 chars)
01:44:08 [DEBUG] [RECAP ] [ReadinessToken] Cached trial token for levanlinh.kma@gmail.com (2169 chars) → AM + Pool
01:44:08 [DEBUG] [RECAP ] [ExtensionBridge] Cached readiness-check token for levanlinh.kma@gmail.com (2169 chars)
01:44:08 [INFO ] [RECAP ] [ProactiveWarmup] levanlinh.kma@gmail.com: ✅ reCAPTCHA pre-warmed — token cached, ready for instant Start All
01:44:09 [DEBUG] [RECAP ] [ExtensionBridge] 🔥 reCAPTCHA warm for levanlinh.kma@gmail.com
01:44:32 [DEBUG] [WS    ] [TabKeepalive] levanlinh.kma@gmail.com: API heartbeat skipped (no browser page)
01:44:38 [WARNING] [WS    ] [ExtensionBridge] ⚠️ Zombie connection: ['levanlinh.kma@gmail.com'] (no activity 59s)
01:44:38 [DEBUG] [WS    ] [ExtensionBridge] Preserved 5 headers for levanlinh.kma@gmail.com on disconnect
01:44:38 [INFO ] [WS    ] [ExtensionBridge] 📧 Extension disconnected: levanlinh.kma@gmail.com
01:44:43 [INFO ] [WS    ] [ExtensionBridge] 📧 Extension registered: levanlinh.kma@gmail.com (v2.3.2)
01:44:43 [INFO ] [WS    ] [ExtensionBridge] Extension connected for levanlinh.kma@gmail.com
01:44:43 [INFO ] [RECAP ] [ProactiveWarmup] levanlinh.kma@gmail.com: waiting 10s for reCAPTCHA widget...
01:44:43 [INFO ] [WS    ] [ExtensionBridge] 🔑 Unsolicited access token for levanlinh.kma@gmail.com
01:44:43 [INFO ] [WS    ] [ExtensionBridge] Headers updated for levanlinh.kma@gmail.com: []
01:44:43 [INFO ] [WS    ] [ExtensionBridge] ✅ Startup headers refreshed for levanlinh.kma@gmail.com
01:44:44 [INFO ] [WS    ] [ExtensionBridge] ✅ x-browser-validation captured for levanlinh.kma@gmail.com
01:44:44 [INFO ] [WS    ] [ExtensionBridge] ✅ x-browser-validation captured for levanlinh.kma@gmail.com
01:44:46 [DEBUG] [WS    ] [ExtensionBridge] Headers update for levanlinh.kma@gmail.com: ['x-browser-channel', 'x-browser-year', 'x-browser-validation', 'x-browser-copyright', 'x-client-data']
01:44:46 [DEBUG] [RECAP ] [ExtensionBridge] Bearer token stored for levanlinh.kma@gmail.com (424 chars)
01:44:46 [INFO ] [WS    ] [ExtensionBridge] Headers updated for levanlinh.kma@gmail.com: ['x-browser-channel', 'x-browser-year', 'x-browser-validation', 'x-browser-copyright', 'x-client-data']
01:44:50 [DEBUG] [WS    ] [ExtensionBridge] Headers update for levanlinh.kma@gmail.com: ['x-browser-channel', 'x-browser-year', 'x-browser-validation', 'x-browser-copyright', 'x-client-data']
01:44:50 [DEBUG] [RECAP ] [ExtensionBridge] Bearer token stored for levanlinh.kma@gmail.com (424 chars)
01:44:50 [INFO ] [WS    ] [ExtensionBridge] Headers updated for levanlinh.kma@gmail.com: ['x-browser-channel', 'x-browser-year', 'x-browser-validation', 'x-browser-copyright', 'x-client-data']
01:44:53 [INFO ] [RECAP ] [ExtensionBridge] ✅ grecaptcha ready for levanlinh.kma@gmail.com (trial token: 2190 chars)
01:44:53 [DEBUG] [RECAP ] [ReadinessToken] Cached trial token for levanlinh.kma@gmail.com (2190 chars) → AM + Pool
01:44:53 [DEBUG] [RECAP ] [ExtensionBridge] Cached readiness-check token for levanlinh.kma@gmail.com (2190 chars)
01:44:53 [INFO ] [RECAP ] [ProactiveWarmup] levanlinh.kma@gmail.com: ✅ reCAPTCHA pre-warmed — token cached, ready for instant Start All
01:44:54 [DEBUG] [RECAP ] [ExtensionBridge] 🔥 reCAPTCHA warm for levanlinh.kma@gmail.com
01:45:23 [WARNING] [WS    ] [ExtensionBridge] ⚠️ Zombie connection: ['levanlinh.kma@gmail.com'] (no activity 45s)
01:45:23 [DEBUG] [WS    ] [ExtensionBridge] Preserved 5 headers for levanlinh.kma@gmail.com on disconnect
01:45:23 [INFO ] [WS    ] [ExtensionBridge] 📧 Extension disconnected: levanlinh.kma@gmail.com
01:45:28 [INFO ] [WS    ] [ExtensionBridge] 📧 Extension registered: levanlinh.kma@gmail.com (v2.3.2)
01:45:28 [INFO ] [WS    ] [ExtensionBridge] Extension connected for levanlinh.kma@gmail.com
01:45:28 [INFO ] [RECAP ] [ProactiveWarmup] levanlinh.kma@gmail.com: waiting 10s for reCAPTCHA widget...
01:45:28 [INFO ] [WS    ] [ExtensionBridge] 🔑 Unsolicited access token for levanlinh.kma@gmail.com
01:45:28 [INFO ] [WS    ] [ExtensionBridge] Headers updated for levanlinh.kma@gmail.com: []
01:45:28 [INFO ] [WS    ] [ExtensionBridge] ✅ Startup headers refreshed for levanlinh.kma@gmail.com
01:45:29 [INFO ] [WS    ] [ExtensionBridge] ✅ x-browser-validation captured for levanlinh.kma@gmail.com
01:45:29 [INFO ] [WS    ] [ExtensionBridge] ✅ x-browser-validation captured for levanlinh.kma@gmail.com
01:45:31 [DEBUG] [WS    ] [ExtensionBridge] Headers update for levanlinh.kma@gmail.com: ['x-browser-channel', 'x-browser-year', 'x-browser-validation', 'x-browser-copyright', 'x-client-data']
01:45:31 [DEBUG] [RECAP ] [ExtensionBridge] Bearer token stored for levanlinh.kma@gmail.com (424 chars)
01:45:31 [INFO ] [WS    ] [ExtensionBridge] Headers updated for levanlinh.kma@gmail.com: ['x-browser-channel', 'x-browser-year', 'x-browser-validation', 'x-browser-copyright', 'x-client-data']
01:45:35 [DEBUG] [WS    ] [ExtensionBridge] Headers update for levanlinh.kma@gmail.com: ['x-browser-channel', 'x-browser-year', 'x-browser-validation', 'x-browser-copyright', 'x-client-data']
01:45:35 [DEBUG] [RECAP ] [ExtensionBridge] Bearer token stored for levanlinh.kma@gmail.com (424 chars)
01:45:35 [INFO ] [WS    ] [ExtensionBridge] Headers updated for levanlinh.kma@gmail.com: ['x-browser-channel', 'x-browser-year', 'x-browser-validation', 'x-browser-copyright', 'x-client-data']
01:45:38 [INFO ] [RECAP ] [ExtensionBridge] ✅ grecaptcha ready for levanlinh.kma@gmail.com (trial token: 2212 chars)
01:45:38 [DEBUG] [RECAP ] [ReadinessToken] Cached trial token for levanlinh.kma@gmail.com (2212 chars) → AM + Pool
01:45:38 [DEBUG] [RECAP ] [ExtensionBridge] Cached readiness-check token for levanlinh.kma@gmail.com (2212 chars)
01:45:38 [INFO ] [RECAP ] [ProactiveWarmup] levanlinh.kma@gmail.com: ✅ reCAPTCHA pre-warmed — token cached, ready for instant Start All
01:45:39 [DEBUG] [RECAP ] [ExtensionBridge] 🔥 reCAPTCHA warm for levanlinh.kma@gmail.com
01:46:08 [WARNING] [WS    ] [ExtensionBridge] ⚠️ Zombie connection: ['levanlinh.kma@gmail.com'] (no activity 47s)
01:46:08 [DEBUG] [WS    ] [ExtensionBridge] Preserved 5 headers for levanlinh.kma@gmail.com on disconnect
01:46:08 [INFO ] [WS    ] [ExtensionBridge] 📧 Extension disconnected: levanlinh.kma@gmail.com
01:46:13 [INFO ] [WS    ] [ExtensionBridge] 📧 Extension registered: levanlinh.kma@gmail.com (v2.3.2)
01:46:13 [INFO ] [WS    ] [ExtensionBridge] Extension connected for levanlinh.kma@gmail.com
01:46:13 [INFO ] [RECAP ] [ProactiveWarmup] levanlinh.kma@gmail.com: waiting 10s for reCAPTCHA widget...
01:46:13 [INFO ] [WS    ] [ExtensionBridge] 🔑 Unsolicited access token for levanlinh.kma@gmail.com
01:46:13 [INFO ] [WS    ] [ExtensionBridge] Headers updated for levanlinh.kma@gmail.com: []
01:46:13 [INFO ] [WS    ] [ExtensionBridge] ✅ Startup headers refreshed for levanlinh.kma@gmail.com
01:46:14 [INFO ] [WS    ] [ExtensionBridge] ✅ x-browser-validation captured for levanlinh.kma@gmail.com
01:46:14 [INFO ] [WS    ] [ExtensionBridge] ✅ x-browser-validation captured for levanlinh.kma@gmail.com
01:46:16 [DEBUG] [WS    ] [ExtensionBridge] Headers update for levanlinh.kma@gmail.com: ['x-browser-channel', 'x-browser-year', 'x-browser-validation', 'x-browser-copyright', 'x-client-data']
01:46:16 [DEBUG] [RECAP ] [ExtensionBridge] Bearer token stored for levanlinh.kma@gmail.com (424 chars)
01:46:16 [INFO ] [WS    ] [ExtensionBridge] Headers updated for levanlinh.kma@gmail.com: ['x-browser-channel', 'x-browser-year', 'x-browser-validation', 'x-browser-copyright', 'x-client-data']
01:46:18 [DEBUG] [WS    ] [ExtensionBridge] Headers update for levanlinh.kma@gmail.com: ['x-browser-channel', 'x-browser-year', 'x-browser-validation', 'x-browser-copyright', 'x-client-data']
01:46:18 [DEBUG] [RECAP ] [ExtensionBridge] Bearer token stored for levanlinh.kma@gmail.com (424 chars)
01:46:18 [INFO ] [WS    ] [ExtensionBridge] Headers updated for levanlinh.kma@gmail.com: ['x-browser-channel', 'x-browser-year', 'x-browser-validation', 'x-browser-copyright', 'x-client-data']
01:46:20 [DEBUG] [WS    ] [ExtensionBridge] Headers update for levanlinh.kma@gmail.com: ['x-browser-channel', 'x-browser-year', 'x-browser-validation', 'x-browser-copyright', 'x-client-data']
01:46:20 [DEBUG] [RECAP ] [ExtensionBridge] Bearer token stored for levanlinh.kma@gmail.com (424 chars)
01:46:20 [INFO ] [WS    ] [ExtensionBridge] Headers updated for levanlinh.kma@gmail.com: ['x-browser-channel', 'x-browser-year', 'x-browser-validation', 'x-browser-copyright', 'x-client-data']
01:46:23 [INFO ] [RECAP ] [ExtensionBridge] ✅ grecaptcha ready for levanlinh.kma@gmail.com (trial token: 2148 chars)
01:46:23 [DEBUG] [RECAP ] [ReadinessToken] Cached trial token for levanlinh.kma@gmail.com (2148 chars) → AM + Pool
01:46:23 [DEBUG] [RECAP ] [ExtensionBridge] Cached readiness-check token for levanlinh.kma@gmail.com (2148 chars)
01:46:23 [INFO ] [RECAP ] [ProactiveWarmup] levanlinh.kma@gmail.com: ✅ reCAPTCHA pre-warmed — token cached, ready for instant Start All
01:46:24 [DEBUG] [RECAP ] [ExtensionBridge] 🔥 reCAPTCHA warm for levanlinh.kma@gmail.com
01:46:40 [DEBUG] [WS    ] [ExtensionBridge] Headers update for levanlinh.kma@gmail.com: ['x-browser-channel', 'x-browser-year', 'x-browser-validation', 'x-browser-copyright', 'x-client-data']
01:46:40 [DEBUG] [RECAP ] [ExtensionBridge] Bearer token stored for levanlinh.kma@gmail.com (424 chars)
01:46:40 [INFO ] [WS    ] [ExtensionBridge] Headers updated for levanlinh.kma@gmail.com: ['x-browser-channel', 'x-browser-year', 'x-browser-validation', 'x-browser-copyright', 'x-client-data']
01:46:45 [DEBUG] [WS    ] [TabKeepalive] levanlinh.kma@gmail.com: API heartbeat skipped (no browser page)
01:46:53 [WARNING] [WS    ] [ExtensionBridge] ⚠️ Zombie connection: ['levanlinh.kma@gmail.com'] (no activity 45s)
01:46:53 [DEBUG] [WS    ] [ExtensionBridge] Preserved 5 headers for levanlinh.kma@gmail.com on disconnect
01:46:53 [INFO ] [WS    ] [ExtensionBridge] 📧 Extension disconnected: levanlinh.kma@gmail.com
01:46:58 [INFO ] [WS    ] [ExtensionBridge] 📧 Extension registered: levanlinh.kma@gmail.com (v2.3.2)
01:46:58 [INFO ] [WS    ] [ExtensionBridge] Extension connected for levanlinh.kma@gmail.com
01:46:58 [INFO ] [RECAP ] [ProactiveWarmup] levanlinh.kma@gmail.com: waiting 10s for reCAPTCHA widget...
01:46:58 [INFO ] [WS    ] [ExtensionBridge] 🔑 Unsolicited access token for levanlinh.kma@gmail.com
01:46:58 [INFO ] [WS    ] [ExtensionBridge] Headers updated for levanlinh.kma@gmail.com: []
01:46:58 [INFO ] [WS    ] [ExtensionBridge] ✅ Startup headers refreshed for levanlinh.kma@gmail.com
01:46:59 [INFO ] [WS    ] [ExtensionBridge] ✅ x-browser-validation captured for levanlinh.kma@gmail.com
01:46:59 [INFO ] [WS    ] [ExtensionBridge] ✅ x-browser-validation captured for levanlinh.kma@gmail.com
01:47:01 [DEBUG] [WS    ] [ExtensionBridge] Headers update for levanlinh.kma@gmail.com: ['x-browser-channel', 'x-browser-year', 'x-browser-validation', 'x-browser-copyright', 'x-client-data']
01:47:01 [DEBUG] [RECAP ] [ExtensionBridge] Bearer token stored for levanlinh.kma@gmail.com (424 chars)
01:47:01 [INFO ] [WS    ] [ExtensionBridge] Headers updated for levanlinh.kma@gmail.com: ['x-browser-channel', 'x-browser-year', 'x-browser-validation', 'x-browser-copyright', 'x-client-data']
01:47:04 [DEBUG] [WS    ] [ExtensionBridge] Headers update for levanlinh.kma@gmail.com: ['x-browser-channel', 'x-browser-year', 'x-browser-validation', 'x-browser-copyright', 'x-client-data']
01:47:04 [DEBUG] [RECAP ] [ExtensionBridge] Bearer token stored for levanlinh.kma@gmail.com (424 chars)
01:47:04 [INFO ] [WS    ] [ExtensionBridge] Headers updated for levanlinh.kma@gmail.com: ['x-browser-channel', 'x-browser-year', 'x-browser-validation', 'x-browser-copyright', 'x-client-data']
01:47:08 [INFO ] [RECAP ] [ExtensionBridge] ✅ grecaptcha ready for levanlinh.kma@gmail.com (trial token: 2254 chars)
01:47:08 [DEBUG] [RECAP ] [ReadinessToken] Cached trial token for levanlinh.kma@gmail.com (2254 chars) → AM + Pool
01:47:08 [DEBUG] [RECAP ] [ExtensionBridge] Cached readiness-check token for levanlinh.kma@gmail.com (2254 chars)
01:47:08 [INFO ] [RECAP ] [ProactiveWarmup] levanlinh.kma@gmail.com: ✅ reCAPTCHA pre-warmed — token cached, ready for instant Start All
01:47:09 [DEBUG] [RECAP ] [ExtensionBridge] 🔥 reCAPTCHA warm for levanlinh.kma@gmail.com
01:47:38 [WARNING] [WS    ] [ExtensionBridge] ⚠️ Zombie connection: ['levanlinh.kma@gmail.com'] (no activity 45s)
01:47:38 [DEBUG] [WS    ] [ExtensionBridge] Preserved 5 headers for levanlinh.kma@gmail.com on disconnect
01:47:38 [INFO ] [WS    ] [ExtensionBridge] 📧 Extension disconnected: levanlinh.kma@gmail.com
01:47:43 [INFO ] [WS    ] [ExtensionBridge] 📧 Extension registered: levanlinh.kma@gmail.com (v2.3.2)
01:47:43 [INFO ] [WS    ] [ExtensionBridge] Extension connected for levanlinh.kma@gmail.com
01:47:43 [INFO ] [RECAP ] [ProactiveWarmup] levanlinh.kma@gmail.com: waiting 10s for reCAPTCHA widget...
01:47:43 [INFO ] [WS    ] [ExtensionBridge] 🔑 Unsolicited access token for levanlinh.kma@gmail.com
01:47:43 [INFO ] [WS    ] [ExtensionBridge] Headers updated for levanlinh.kma@gmail.com: []
01:47:43 [INFO ] [WS    ] [ExtensionBridge] ✅ Startup headers refreshed for levanlinh.kma@gmail.com
01:47:44 [INFO ] [WS    ] [ExtensionBridge] ✅ x-browser-validation captured for levanlinh.kma@gmail.com
01:47:44 [INFO ] [WS    ] [ExtensionBridge] ✅ x-browser-validation captured for levanlinh.kma@gmail.com
01:47:46 [DEBUG] [WS    ] [ExtensionBridge] Headers update for levanlinh.kma@gmail.com: ['x-browser-channel', 'x-browser-year', 'x-browser-validation', 'x-browser-copyright', 'x-client-data']
01:47:46 [DEBUG] [RECAP ] [ExtensionBridge] Bearer token stored for levanlinh.kma@gmail.com (424 chars)
01:47:46 [INFO ] [WS    ] [ExtensionBridge] Headers updated for levanlinh.kma@gmail.com: ['x-browser-channel', 'x-browser-year', 'x-browser-validation', 'x-browser-copyright', 'x-client-data']
01:47:53 [INFO ] [RECAP ] [ExtensionBridge] ✅ grecaptcha ready for levanlinh.kma@gmail.com (trial token: 2169 chars)
01:47:53 [DEBUG] [RECAP ] [ReadinessToken] Cached trial token for levanlinh.kma@gmail.com (2169 chars) → AM + Pool
01:47:53 [DEBUG] [RECAP ] [ExtensionBridge] Cached readiness-check token for levanlinh.kma@gmail.com (2169 chars)
01:47:53 [INFO ] [RECAP ] [ProactiveWarmup] levanlinh.kma@gmail.com: ✅ reCAPTCHA pre-warmed — token cached, ready for instant Start All
01:47:54 [DEBUG] [RECAP ] [ExtensionBridge] 🔥 reCAPTCHA warm for levanlinh.kma@gmail.com
01:48:12 [DEBUG] [WS    ] [ExtensionBridge] Headers update for levanlinh.kma@gmail.com: ['x-browser-channel', 'x-browser-year', 'x-browser-validation', 'x-browser-copyright', 'x-client-data']
01:48:12 [DEBUG] [RECAP ] [ExtensionBridge] Bearer token stored for levanlinh.kma@gmail.com (424 chars)
01:48:12 [INFO ] [WS    ] [ExtensionBridge] Headers updated for levanlinh.kma@gmail.com: ['x-browser-channel', 'x-browser-year', 'x-browser-validation', 'x-browser-copyright', 'x-client-data']
01:48:14 [DEBUG] [WS    ] [ExtensionBridge] Headers update for levanlinh.kma@gmail.com: ['x-browser-channel', 'x-browser-year', 'x-browser-validation', 'x-browser-copyright', 'x-client-data']
01:48:14 [DEBUG] [RECAP ] [ExtensionBridge] Bearer token stored for levanlinh.kma@gmail.com (424 chars)
01:48:14 [INFO ] [WS    ] [ExtensionBridge] Headers updated for levanlinh.kma@gmail.com: ['x-browser-channel', 'x-browser-year', 'x-browser-validation', 'x-browser-copyright', 'x-client-data']
01:48:23 [WARNING] [WS    ] [ExtensionBridge] ⚠️ Zombie connection: ['levanlinh.kma@gmail.com'] (no activity 47s)
01:48:23 [DEBUG] [WS    ] [ExtensionBridge] Preserved 5 headers for levanlinh.kma@gmail.com on disconnect
01:48:23 [INFO ] [WS    ] [ExtensionBridge] 📧 Extension disconnected: levanlinh.kma@gmail.com
01:48:28 [INFO ] [WS    ] [ExtensionBridge] 📧 Extension registered: levanlinh.kma@gmail.com (v2.3.2)
01:48:28 [INFO ] [WS    ] [ExtensionBridge] Extension connected for levanlinh.kma@gmail.com
01:48:28 [INFO ] [RECAP ] [ProactiveWarmup] levanlinh.kma@gmail.com: waiting 10s for reCAPTCHA widget...
01:48:28 [INFO ] [WS    ] [ExtensionBridge] 🔑 Unsolicited access token for levanlinh.kma@gmail.com
01:48:28 [INFO ] [WS    ] [ExtensionBridge] Headers updated for levanlinh.kma@gmail.com: []
01:48:28 [INFO ] [WS    ] [ExtensionBridge] ✅ Startup headers refreshed for levanlinh.kma@gmail.com
01:48:29 [INFO ] [WS    ] [ExtensionBridge] ✅ x-browser-validation captured for levanlinh.kma@gmail.com
01:48:29 [INFO ] [WS    ] [ExtensionBridge] ✅ x-browser-validation captured for levanlinh.kma@gmail.com
01:48:31 [DEBUG] [WS    ] [ExtensionBridge] Headers update for levanlinh.kma@gmail.com: ['x-browser-channel', 'x-browser-year', 'x-browser-validation', 'x-browser-copyright', 'x-client-data']
01:48:31 [DEBUG] [RECAP ] [ExtensionBridge] Bearer token stored for levanlinh.kma@gmail.com (424 chars)
01:48:31 [INFO ] [WS    ] [ExtensionBridge] Headers updated for levanlinh.kma@gmail.com: ['x-browser-channel', 'x-browser-year', 'x-browser-validation', 'x-browser-copyright', 'x-client-data']
01:48:34 [DEBUG] [WS    ] [ExtensionBridge] Headers update for levanlinh.kma@gmail.com: ['x-browser-channel', 'x-browser-year', 'x-browser-validation', 'x-browser-copyright', 'x-client-data']
01:48:34 [DEBUG] [RECAP ] [ExtensionBridge] Bearer token stored for levanlinh.kma@gmail.com (424 chars)
01:48:34 [INFO ] [WS    ] [ExtensionBridge] Headers updated for levanlinh.kma@gmail.com: ['x-browser-channel', 'x-browser-year', 'x-browser-validation', 'x-browser-copyright', 'x-client-data']
01:48:38 [INFO ] [RECAP ] [ExtensionBridge] ✅ grecaptcha ready for levanlinh.kma@gmail.com (trial token: 2233 chars)
01:48:38 [DEBUG] [RECAP ] [ReadinessToken] Cached trial token for levanlinh.kma@gmail.com (2233 chars) → AM + Pool
01:48:38 [DEBUG] [RECAP ] [ExtensionBridge] Cached readiness-check token for levanlinh.kma@gmail.com (2233 chars)
01:48:38 [INFO ] [RECAP ] [ProactiveWarmup] levanlinh.kma@gmail.com: ✅ reCAPTCHA pre-warmed — token cached, ready for instant Start All
01:48:39 [DEBUG] [RECAP ] [ExtensionBridge] 🔥 reCAPTCHA warm for levanlinh.kma@gmail.com
01:48:44 [DEBUG] [WS    ] [TabKeepalive] levanlinh.kma@gmail.com: API heartbeat skipped (no browser page)
01:49:08 [WARNING] [WS    ] [ExtensionBridge] ⚠️ Zombie connection: ['levanlinh.kma@gmail.com'] (no activity 50s)
01:49:08 [DEBUG] [WS    ] [ExtensionBridge] Preserved 5 headers for levanlinh.kma@gmail.com on disconnect
01:49:08 [INFO ] [WS    ] [ExtensionBridge] 📧 Extension disconnected: levanlinh.kma@gmail.com
01:49:11 [WARNING] [ENGINE] [AppController] 🔴 Browser closed for levanlinh.kma@gmail.com — scheduling auto-restart in 5s
01:49:11 [DEBUG] [WS    ] [ExtensionBridge] Preserved 5 headers for levanlinh.kma@gmail.com on disconnect
01:49:11 [INFO ] [WS    ] [ExtensionBridge] 📧 Extension disconnected: levanlinh.kma@gmail.com
